<?xml version="1.0" ?>
<track>

  <defines>
    <const name='field_length' value='5' />
    <const name='field_width' value='3' />
    <const name='ground' value='0.001' />
  </defines>

  <polygon>
    <color rgb24='8F8F8F'/>
    <vertice x='0' y='0' z='ground'/>
    <vertice x='0.1' y='0.4' z='ground'/>
    <vertice x='-0.4' y='-0.4' z='ground'/>
  </polygon>
  <!--
  <polygon>
    <color rgb24='8F8F8F'/>
    <vertice x='0.4' y='0.4' z='0'/>
    <vertice x='0.1' y='0.4' z='0'/>
    <vertice x='0.4' y='-0.4' z='0'/>
  </polygon>

  <polygon>
    <color rgb24='8F8F8F'/>
    <vertice x='0' y='0' z='0'/>
    <vertice x='-0.1' y='-0.4' z='0'/>
    <vertice x='0.4' y='0.4' z='0'/>
  </polygon>
  -->
  <line>  <!-- ____ -->
    <color rgb24='8F8F8F'/>
    <position x='1' y='0' z='ground' angle='45'/>
    <size width='0.5' length='2'/>
  </line>
  
  <arc>
    <color rgb24='8F8F8F'/>
    <center x='0' y='0' z='ground'/>
    <radius inner='1.3' outer='1.4'/>
    <angle_deg start='0' stop='90' step='5'/>
  </arc>

</track>

