<?xml version="1.0" ?>
<obstacles>
  <cuboid>
    <imovable/>
    <size x='1' y='2.0' z='0.5'/>
    <pos x='1.4' y='2' z='0'/>
    <rot_deg x='15' y='0' z='45'/>
    <color_rgb r='128' g='128' b='128'/>
  </cuboid>
  <cuboid>
    <imovable/>
    <size x='0.5' y='1.0' z='0.5'/>
    <pos x='-1.4' y='0' z='0.25'/>
    <rot_deg x='0' y='0' z='45'/>
    <color_rgb r='0' g='128' b='0'/>
  </cuboid>
  <cuboid>
    <imovable/>
    <size x='0.5' y='1.0' z='0.5'/>
    <pos x='0' y='2' z='0.25'/>
    <rot_deg x='0' y='0' z='0'/>
	<color_rgb r='128' g='0' b='0'/>
  </cuboid>
  <cuboid>
    <imovable/>
    <size x='1' y='2.0' z='0.5'/>
    <pos x='-1.4' y='2' z='0'/>
    <rot_deg x='15' y='0' z='45'/>
    <color_rgb r='128' g='128' b='128'/>
  </cuboid>
</obstacles>
