Tctrl:,25,

ROBOT:,(v),(vn),(w),
kp:,1.01965,1.03142,0.978735,
tau:,0.121203,0.105652,0.0908265,
kc:,5.31322,4.57866,4.14804,
td:,0.0744845,0.0473159,0.0127519,

Filename:,Nfuture:,
/home/sousarbarb/catkin_ws/src/omnidirectional_trajectory_controller/input/square_vn-1.0.txt,15,

time (s),traj (bool),v_rob (m/s),vn_rob (m/s),w_rob (rad/s),v_r_rob (m/s),vn_r_rob (m/s),w_r_rob (rad/s),v_pd_r_rob (m/s),vn_pd_r_rob (m/s),w_pd_r_rob (rad/s),v_ff_r_rob (m/s),vn_ff_r_rob (m/s),w_ff_r_rob (rad/s),px_loc (m),py_loc (m),pth_loc (rad),px_r_loc (m),py_r_loc (m),pth_r_loc (rad),px_e_loc (m),py_e_loc (m),pth_e_loc (rad),px_e_1deriv_loc,py_e_1deriv_loc,pth_e_1deriv_loc,px_r_1deriv_loc,py_r_1deriv_loc,pth_r_1deriv_loc,px_r_2deriv_loc,py_r_2deriv_loc,pth_r_2deriv_loc,px (m),py (m),pth (rad),px_r (m),py_r (m),pth_r (rad),px_r_1deriv,py_r_1deriv,pth_r_1deriv,px_r_2deriv,py_r_2deriv,pth_r_2deriv,xvel,i_global,u_ref,0.04,1,0,0,0,0.361171,0.000387082,0.00127453,0.0233791,0.000284646,0.00127453,0.337792,0.000102436,0,0.000179199,-6.10947e-05,-0.00030726,0.0016,4.91615e-07,0,0.0014208,6.15863e-05,0.00030726,0.04,1.22904e-05,0,0.34,0.000104468,0,0.0365462,1.12292e-05,0,0.000179181,-6.11497e-05,-0.00030726,0.0016,0,0,0.34,0,0,0.0365462,0,0,1,1,0,
0.08,1,0,0,0,0.433233,0.000406162,0.00127453,0.0562115,0.00029181,0.00127453,0.377021,0.000114352,0,0.000179199,-6.10947e-05,-0.00030726,0.0048,1.47485e-06,0,0.0046208,6.25695e-05,0.00030726,0.08,2.45808e-05,0,0.38,0.000116759,0,0.0365462,1.12292e-05,0,0.000179181,-6.11497e-05,-0.00030726,0.0048,0,0,0.38,0,0,0.0365462,0,0,1,2,0,
0.12,1,0,0,0,0.513795,0.000427494,0.00127453,0.097545,0.000301226,0.00127453,0.41625,0.000126268,0,0.000179199,-6.10947e-05,-0.00030726,0.0096,2.94969e-06,0,0.0094208,6.40444e-05,0.00030726,0.12,3.68712e-05,0,0.42,0.000129049,0,0.0365462,1.12292e-05,0,0.000179181,-6.11497e-05,-0.00030726,0.0096,0,0,0.42,0,0,0.0365462,0,0,1,3,0,
0.16,1,0.0261883,-0.00167998,-0.00877884,0.594673,0.00034044,0.00103441,0.139194,0.000221996,0.00103441,0.455479,0.000118444,0,0.000717512,-5.27026e-05,-0.000263365,0.016,4.21385e-06,0,0.0152825,5.69165e-05,0.000263365,0.146542,-0.000178197,-0.00109736,0.46,0.000121148,0,0.0365462,9.62502e-06,0,0.000717498,-5.28916e-05,-0.000263365,0.016,0,0,0.46,0,0,0.0365462,0,0,1,4,0,
0.2,1,0.0581963,-0.00335996,-0.00438942,0.670129,0.00147147,0.00277329,0.17542,0.00119271,0.00277329,0.494709,0.000278758,0,0.00252161,-0.000136481,-0.000570625,0.024,1.3695e-05,0,0.0214784,0.000150176,0.000570625,0.154897,0.00233149,0.00768149,0.5,0.000285313,0,0.0365462,2.08542e-05,0,0.00252153,-0.00013792,-0.000570625,0.024,0,0,0.5,0,0,0.0365462,0,0,1,5,0,
0.24,1,0.0581963,-0.00335996,-0.00438942,0.794044,0.00104325,0.00236698,0.260107,0.000742358,0.00236698,0.533938,0.000300888,0,0.00252161,-0.000136481,-0.000570625,0.0336,1.9173e-05,0,0.0310784,0.000155654,0.000570625,0.24,0.00013695,0,0.54,0.000308138,0,0.0365462,2.08542e-05,0,0.00252153,-0.00013792,-0.000570625,0.0336,0,0,0.54,0,0,0.0365462,0,0,1,6,8.88178e-16,
0.28,1,0.142581,0.00503994,0.0526731,0.842238,0.00196551,-0.000274348,0.269071,0.00191582,-0.000274348,0.573167,4.9695e-05,0,0.00688627,-0.000272097,-8.77885e-05,0.0448,3.93292e-06,0,0.0379137,0.00027603,8.77885e-05,0.170884,0.0030094,-0.0120709,0.58,5.09173e-05,0,0.0365462,3.20834e-06,0,0.00688624,-0.000272702,-8.77885e-05,0.0448,0,0,0.58,0,0,0.0365462,0,0,1,7,8.88178e-16,
0.32,1,0.269158,-0.00755992,3.83752e-09,0.895654,0.00420417,-0.000356211,0.283258,0.00423072,-0.000356211,0.612396,-2.65498e-05,0,0.0143063,-0.000575401,4.38942e-05,0.0576,-2.52831e-06,0,0.0432937,0.000572872,-4.38942e-05,0.1345,0.00742106,-0.00329207,0.62,-2.72144e-05,0,0.0365462,-1.60417e-06,0,0.0143063,-0.000574773,4.38942e-05,0.0576,0,0,0.62,0,0,0.0365462,0,0,1,8,0,
0.36,1,0.426288,-0.0193198,0.030726,0.726068,0.0151338,-0.00378388,0.0744429,0.0155859,-0.00378388,0.651625,-0.000452033,0,0.0389374,-0.00192041,0.000702308,0.072,-5.05662e-05,0,0.0330625,0.00186984,-0.000702308,-0.25578,0.0324242,-0.0164603,0.66,-0.000463523,0,0.0365462,-2.56667e-05,0,0.0389388,-0.00189306,0.000702308,0.072,0,0,0.66,0,0,0.0365462,0,0,1,9,0,
0.4,1,0.504853,-0.00923989,0.0702308,0.837189,0.0269854,0.00981318,0.146335,0.0258771,0.00981318,0.690853,0.00110831,0,0.0568663,-0.0034594,-0.00162409,0.0879999,0.00014292,0,0.0311336,0.00360232,0.00162409,-0.0482227,0.043312,0.0581599,0.699999,0.00113686,0,0.0365462,5.93542e-05,0,0.0568606,-0.00355175,-0.00162409,0.088,0,0,0.7,0,0,0.0365462,0,0,1,10,0,
0.44,1,0.576143,-0.0117599,0.030726,0.793716,0.0190476,-0.00550936,0.102861,0.019467,-0.00550936,0.690854,-0.000419361,0,0.0785801,-0.00396469,0.000614519,0.1056,-6.48932e-05,0,0.0270199,0.00389979,-0.000614519,-0.102844,0.00743688,-0.0559652,0.7,-0.000430163,0,0.0365462,-2.24584e-05,0,0.0785825,-0.0039164,0.000614519,0.1056,0,0,0.7,0,0,0.0365462,0,0,1,10,1,
0.48,1,0.504853,-0.0478795,-0.171188,0.81522,0.034535,0.0123384,0.0851381,0.0330155,0.0123384,0.730082,0.00151952,0,0.101622,-0.00515361,-0.00210692,0.1248,0.000262944,0,0.0231779,0.00541655,0.00210692,-0.0960481,0.0379189,0.0680361,0.739998,0.00155912,0,0.0365462,7.70001e-05,0,0.101611,-0.0053677,-0.00210692,0.1248,0,0,0.74,0,0,0.0365462,0,0,1,11,1,
0.52,1,0.682351,-0.0327596,-0.0790096,0.825233,0.0248037,-0.00590774,0.0569158,0.0252368,-0.00590774,0.768317,-0.000433106,0,0.126778,-0.00554328,0.000570625,0.1456,-8.3083e-05,0,0.0188225,0.0054602,-0.000570625,-0.108887,0.00109126,-0.0669387,0.779,-0.000444517,0,0.0364234,-2.07841e-05,0,0.126781,-0.00547094,0.000570625,0.1456,0,0,0.779,0,0,0.0364234,0,0,1,12,1,
0.56,1,0.609606,0.0344396,0.179966,0.849531,0.0270746,-0.00212686,0.0448288,0.0274934,-0.00212686,0.804703,-0.000418739,0,0.152806,-0.00579811,0.000526731,0.168,-8.84908e-05,0,0.0151939,0.00570962,-0.000526731,-0.0907131,0.00623561,0.00109736,0.816143,-0.000429888,0,0.036072,-1.90002e-05,0,0.152809,-0.00571763,0.000526731,0.168,0,0,0.816143,0,0,0.036072,0,0,1,13,1,
0.6,1,0.762371,-0.00335997,0.0614519,0.876768,0.0411788,0.0165445,0.00754753,0.0386909,0.0165445,0.869221,0.00248793,0,0.181618,-0.0064089,-0.00289702,0.191999,0.000556227,0,0.0103816,0.00696513,0.00289702,-0.120308,0.0313876,0.0855938,0.882139,0.00255558,0,0.0343363,9.94733e-05,0,0.181598,-0.00693502,-0.00289702,0.192,0,0,0.882143,0,0,0.0343365,0,0,1,15,0,
0.64,1,0.778375,0.0260397,0.0175577,0.910041,0.0246784,0.00121154,0.0136773,0.0238621,0.00121154,0.896363,0.000816366,0,0.209946,-0.00596123,-0.000921779,0.2176,0.000200579,0,0.00765376,0.00616181,0.000921779,-0.0681963,-0.0200828,-0.049381,0.91,0.000838819,0,0.032814,3.02472e-05,0,0.209941,-0.00615475,-0.000921779,0.2176,0,0,0.91,0,0,0.032814,0,0,1,16,0,
0.68,1,0.70272,-0.0411596,-0.136072,0.905831,0.0376896,0.0143889,-0.0138252,0.035097,0.0143889,0.919656,0.00259264,0,0.240729,-0.00615214,-0.00285313,0.244799,0.000698444,0,0.00407046,0.00685058,0.00285313,-0.0895825,0.0172192,0.0482837,0.933996,0.00266482,0,0.0307833,8.78288e-05,0,0.24071,-0.00683894,-0.00285313,0.2448,0,0,0.934,0,0,0.0307834,0,0,1,17,0,
0.72,1,0.771101,0.0537594,0.22825,0.913161,0.0156086,-0.0126574,-0.0258055,0.0171155,-0.0126574,0.938967,-0.00150687,0,0.272648,-0.00586908,0.00162409,0.2736,-0.00044435,0,0.000951327,0.00542473,-0.00162409,-0.0779784,-0.0356463,-0.11193,0.953999,-0.00154938,0,0.0282046,-4.58067e-05,0,0.272657,-0.00542627,0.00162409,0.2736,0,0,0.954,0,0,0.0282046,0,0,1,18,3.55271e-15,
0.76,1,0.771101,0.0537594,0.22825,1.42163,0.022813,-0.00673678,0.467347,0.0243446,-0.00673678,0.954283,-0.00153154,0,0.272648,-0.00586908,0.00162409,0.304,-0.000493722,0,0.0313513,0.00537536,-0.00162409,0.759999,-0.00123431,0,0.969999,-0.00157536,0,0.0250468,-4.06783e-05,0,0.272657,-0.00542627,0.00162409,0.304,0,0,0.97,0,0,0.0250469,0,0,1,19,3.55271e-15,
0.8,1,0.840936,0.0268797,0.00877883,1.11467,0.0168856,-0.0033751,0.148926,0.0178492,-0.0033751,0.965746,-0.000963538,0,0.305809,-0.00503794,0.00100957,0.336,-0.000339215,0,0.0301906,0.00469872,-0.00100957,-0.0290163,-0.0169158,0.015363,0.982142,-0.000991539,0,0.0212877,-2.14913e-05,0,0.305814,-0.0047292,0.00100957,0.336,0,0,0.982143,0,0,0.0212877,0,0,1,20,3.55271e-15,
0.84,1,0.894768,0.0226798,0.0790096,1.13435,0.0139632,-0.00370749,0.160718,0.0148502,-0.00370749,0.973632,-0.000886999,0,0.339389,-0.0043727,0.000921779,0.3696,-0.000340689,0,0.030211,0.00403201,-0.000921779,0.000508102,-0.0166679,0.00219471,0.990714,-0.000913219,0,0.0169113,-1.55885e-05,0,0.339393,-0.00405986,0.000921779,0.3696,0,0,0.990714,0,0,0.0169114,0,0,1,21,3.55271e-15,
0.88,1,0.93987,-0.00671992,-0.114125,0.601705,-0.0112116,-0.022553,-0.376648,-0.00700945,-0.022553,0.978352,-0.0042022,0,0.409909,-0.00324267,0.00434553,0.404796,-0.00175906,0,-0.00511253,0.00148361,-0.00434553,-0.883087,-0.0637101,-0.0855938,0.996133,-0.00432875,0,0.0119078,-5.17458e-05,0,0.409919,-0.00146138,0.00434553,0.4048,0,0,0.996143,0,0,0.0119079,0,0,1,22,7.10543e-15,
0.92,1,0.929685,0.0797991,0.351154,0.852338,-0.017417,-0.039156,-0.128123,-0.0094616,-0.039156,0.980461,-0.00795542,0,0.453337,-0.00348201,0.00820822,0.441585,-0.00362471,0,-0.0117515,-0.000142699,-0.00820822,-0.165974,-0.0406577,-0.0965673,0.998966,-0.00819992,0,0.00627137,-5.1478e-05,0,0.45335,0.000239152,0.00820822,0.4416,0,0,0.999,0,0,0.00627159,0,0,1,23,7.10543e-15,
0.96,1,1.05917,0.0285597,0.0438943,0.877189,-0.0146098,-0.0232426,-0.103521,-0.00856673,-0.0232426,0.98071,-0.00604308,0,0.494444,-0.00205736,0.00623298,0.479991,-0.00299181,0,-0.014453,-0.00093445,-0.00623298,-0.0675388,-0.0197938,0.049381,0.999981,-0.00623294,0,-1.43028e-16,8.91502e-19,0,0.494447,0.00102452,0.00623298,0.48,0,0,1,0,0,-1.43031e-16,0,0,1,24,7.10543e-15,
1,1,0.922411,0.0302397,0.0526731,0.922993,-0.0214948,-0.0282559,-0.0577144,-0.0150261,-0.0282559,0.980707,-0.00646864,0,0.533187,-0.0014596,0.00667192,0.519988,-0.00346937,0,-0.0131985,-0.00200977,-0.00667192,0.0313633,-0.026883,-0.0109736,0.999978,-0.00667187,0,-1.52331e-16,1.01636e-18,0,0.533185,0.00209779,0.00667192,0.52,0,0,1,0,0,-1.52334e-16,0,0,1,25,7.10543e-15,
1.04,1,0.925321,-0.0403196,-0.210692,0.940443,-0.0235429,-0.0358395,-0.0402536,-0.0156274,-0.0358395,0.980696,-0.00791555,0,0.571215,-0.00191933,0.00816433,0.559981,-0.00457197,0,-0.0112341,-0.00265264,-0.00816433,0.0491105,-0.0160717,-0.0373101,0.999967,-0.00816424,0,3.19744e-16,-2.61055e-18,0,0.571212,0.00274427,0.00816433,0.56,0,0,1,0,0,3.19754e-16,0,0,1,26,7.10543e-15,
1.08,1,0.902042,0.0554394,0.289702,0.925721,-0.0368875,-0.053796,-0.0549395,-0.0254399,-0.053796,0.980661,-0.0114476,0,0.61088,-0.00310159,0.0118075,0.599958,-0.00708437,0,-0.0109218,-0.00398277,-0.0118075,0.00780839,-0.0332534,-0.0910805,0.99993,-0.0118073,0,-1.37935e-16,1.62875e-18,0,0.610874,0.00411145,0.0118075,0.6,0,0,1,0,0,-1.37944e-16,0,0,1,27,7.10543e-15,
1.12,1,0.977697,-0.00335996,-0.0175577,0.944515,-0.0267974,-0.0367321,-0.0361689,-0.0175201,-0.0367321,0.980684,-0.00927732,0,0.649455,-0.00221286,0.00956894,0.639971,-0.00612403,0,-0.00948421,-0.00391117,-0.00956894,0.0359385,0.00179008,0.0559652,0.999954,-0.0095688,0,-1.56675e-16,1.49926e-18,0,0.649446,0.00400174,0.00956894,0.64,0,0,1,0,0,-1.56682e-16,0,0,1,28,7.10543e-15,
1.16,1,1.01116,0.0125999,0.0790097,0.955296,-0.0331933,-0.0425738,-0.0253828,-0.0234053,-0.0425738,0.980679,-0.00978798,0,0.687805,-0.00240375,0.0100957,0.679965,-0.00686494,0,-0.00783966,-0.00446119,-0.0100957,0.041114,-0.0137506,-0.0131683,0.999949,-0.0100955,0,3.07218e-16,-3.10168e-18,0,0.687794,0.00454011,0.0100957,0.68,0,0,1,0,0,3.07234e-16,0,0,1,29,1.06581e-14,
1.2,1,1.01116,0.0125999,0.0790097,1.54727,-0.0342504,-0.0418773,0.566596,-0.0244624,-0.0418773,0.980679,-0.00978798,0,0.687805,-0.00240375,0.0100957,0.719963,-0.00726876,0,0.0321583,-0.00486501,-0.0100957,0.999949,-0.0100955,0,0.999949,-0.0100955,0,-1.40415e-16,1.41763e-18,0,0.687794,0.00454011,0.0100957,0.72,0,0,1,0,0,-1.40422e-16,0,0,1,30,1.06581e-14,
1.24,1,0.976242,-0.0125999,-0.0263365,1.19419,-0.0298723,-0.0339533,0.213498,-0.0214887,-0.0339533,0.980692,-0.00838366,0,0.72501,-0.00178545,0.00864716,0.759972,-0.00657176,0,0.0349619,-0.00478631,-0.00864716,0.0700889,0.00196751,0.0362127,0.999963,-0.00864706,0,-1.50372e-16,1.30033e-18,0,0.724998,0.00448382,0.00864716,0.76,0,0,1,0,0,-1.50378e-16,0,0,1,31,1.06581e-14,
1.28,1,0.886038,-0.0730792,-0.38188,1.2042,-0.0276632,-0.0301059,0.223501,-0.0203009,-0.0301059,0.980701,-0.00736232,0,0.762533,-0.00145008,0.0075937,0.799977,-0.0060749,0,0.0374437,-0.00462483,-0.0075937,0.0620456,0.00403709,0.0263365,0.999971,-0.00759363,0,3.21136e-16,-2.43866e-18,0,0.762522,0.00434036,0.0075937,0.8,0,0,1,0,0,3.21145e-16,0,0,1,32,1.42109e-14,
1.32,1,1.30214,-0.00923991,0.0307259,0.552078,-0.0219302,-0.0281373,-0.428627,-0.0151636,-0.0281373,0.980705,-0.00676654,0,0.843805,-0.00183915,0.00697918,0.83998,-0.00586247,0,-0.00382501,-0.00402332,-0.00697918,-1.03172,0.0150377,0.015363,0.999976,-0.00697913,0,-1.37028e-16,9.56359e-19,0,0.843797,0.00404992,0.00697918,0.84,0,0,1,0,0,-1.37031e-16,0,0,1,33,1.42109e-14,
1.36,1,1.07663,0.0218398,0.206303,0.909323,-0.018692,-0.0294302,-0.0713818,-0.0118404,-0.0294302,0.980704,-0.00685165,0,0.887161,-0.00285401,0.00706697,0.879978,-0.00621888,0,-0.00718259,-0.00336487,-0.00706697,-0.0839394,0.0164612,-0.00219471,0.999975,-0.00706691,0,-1.56156e-16,1.10357e-18,0,0.887159,0.00341555,0.00706697,0.88,0,0,1,0,0,-1.5616e-16,0,0,1,34,1.42109e-14,
1.4,1,1.01262,-0.094079,-0.373101,0.90486,-0.0134623,-0.0206698,-0.075854,-0.00814269,-0.0206698,0.980714,-0.00531962,0,0.929647,-0.00240971,0.00548678,0.919986,-0.00504781,0,-0.00966114,-0.0026381,-0.00548678,-0.0619638,0.0181693,0.0395048,0.999985,-0.00548675,0,3.07446e-16,-1.68691e-18,0,0.929647,0.00269107,0.00548678,0.92,0,0,1,0,0,3.07451e-16,0,0,1,35,1.42109e-14,
1.44,1,0.801654,0.0260397,0.241418,0.909696,-0.0141603,-0.0290025,-0.0710117,-0.00773424,-0.0290025,0.980707,-0.00642609,0,0.970934,-0.00415946,0.00662803,0.959979,-0.00636286,0,-0.0109553,-0.0022034,-0.00662803,-0.0323534,0.0108675,-0.0285313,0.999978,-0.00662798,0,-1.40419e-16,9.30716e-19,0,0.97094,0.00227596,0.00662803,0.96,0,0,1,0,0,-1.40422e-16,0,0,1,36,1.42109e-14,
1.48,1,1.03589,-0.0319196,-0.100957,0.928899,0.000174865,-0.0080436,-0.051825,0.00315386,-0.0080436,0.980724,-0.002979,0,1.01053,-0.00219414,0.0030726,0.999995,-0.00307259,0,-0.0105356,-0.000878454,-0.0030726,0.010493,0.0331236,0.0888858,0.999995,-0.00307259,0,-1.50508e-16,4.62451e-19,0,1.01053,0.000910822,0.0030726,1,0,0,1,0,0,-1.50508e-16,0,0,1,37,1.42109e-14,
1.52,1,1.03007,-0.0100799,5.11669e-09,0.92815,0.00127418,-0.00722249,-0.0525765,0.00327436,-0.00722249,0.980727,-0.00200019,0,1.05031,-0.00199713,0.00206303,1.04,-0.00214555,0,-0.0103119,-0.000148421,-0.00206303,0.00559142,0.0182508,0.0252392,0.999998,-0.00206303,0,-1.58333e-16,3.26647e-19,0,1.05031,0.000169694,0.00206303,1.04,0,0,1,0,0,-1.58334e-16,0,0,1,38,1.42109e-14,
1.56,1,1.00098,-0.0100799,-0.0395049,0.956987,0.00624981,-0.000873679,-0.0237413,0.00688817,-0.000873679,0.980729,-0.000638358,0,1.08827,-0.00131984,0.000658414,1.08,-0.000711087,0,-0.0082702,0.00060875,-0.000658414,0.0510424,0.0189293,0.0351154,1,-0.000658413,0,-1.81288e-16,1.19363e-19,0,1.08827,-0.000603305,0.000658414,1.08,0,0,1,0,0,-1.81288e-16,0,0,1,39,2.13163e-14,
1.6,1,1.00098,-0.0100799,-0.0395049,1.54507,0.00188568,-0.00273113,0.564339,0.00252404,-0.00273113,0.980729,-0.000638358,0,1.08827,-0.00131984,0.000658414,1.12,-0.000737423,0,0.0317298,0.000582414,-0.000658414,1,-0.000658413,0,1,-0.000658413,0,7.5828e-16,-4.99262e-19,0,1.08827,-0.000603305,0.000658414,1.12,0,0,1,0,0,7.5828e-16,0,0,1,40,2.13163e-14,
1.64,1,0.910772,-0.0755992,-0.342375,1.17216,0.0115761,0.00567309,0.191432,0.010725,0.00567309,0.980729,0.000851143,0,1.12677,-0.000370321,-0.000877885,1.16,0.00101835,0,0.033232,0.00138867,0.000877885,0.0375556,0.0201563,0.0384075,1,0.000877885,0,-1.27728e-16,-1.1213e-19,0,1.12677,-0.00135949,-0.000877885,1.16,0,0,1,0,0,-1.27728e-16,0,0,1,41,2.13163e-14,
1.68,1,0.875854,0.0537594,0.294091,1.17931,0.00255748,-0.0081244,0.198586,0.00379164,-0.0081244,0.980728,-0.00123416,0,1.16532,-0.00265939,0.00127293,1.2,-0.00152752,0,0.0346799,0.00113187,-0.00127293,0.0361964,-0.00641987,-0.0537704,0.999999,-0.00127293,0,-1.40422e-16,1.78748e-19,0,1.16532,-0.00117602,0.00127293,1.2,0,0,1,0,0,-1.40422e-16,0,0,1,42,2.13163e-14,
1.72,1,1.04753,0.0218398,0.114125,0.602146,0.0207009,0.0153702,-0.37858,0.0182752,0.0153702,0.980726,0.00242576,0,1.24233,0.000660612,-0.00250197,1.24,0.00310244,0,-0.0023321,0.00244183,0.00250197,-0.925299,0.0327489,0.0943726,0.999997,0.00250197,0,-1.50508e-16,-3.76567e-19,0,1.24233,-0.00244766,-0.00250197,1.24,0,0,1,0,0,-1.50508e-16,0,0,1,43,2.13163e-14,
1.76,1,1.23376,-0.206638,-0.895442,0.84979,0.0483398,0.0632048,-0.130866,0.0365517,0.0632048,0.980656,0.011788,0,1.29003,0.0105825,-0.0121587,1.27991,0.0155628,0,-0.0101229,0.0049803,0.0121587,-0.194771,0.0634618,0.241418,0.999926,0.0121584,0,-1.58322e-16,-1.92509e-18,0,1.29006,-0.00510301,-0.0121587,1.28,0,0,1,0,0,-1.58334e-16,0,0,1,44,2.13163e-14,
1.8,1,1.07518,0.00755994,0.118515,0.903953,0.0175113,0.00577242,-0.0767684,0.0136386,0.00577242,0.980721,0.00387269,0,1.33162,0.00120919,-0.00399438,1.31999,0.00527256,0,-0.0116343,0.00406337,0.00399438,-0.0377836,-0.0229232,-0.204108,0.999992,0.00399436,0,-1.81287e-16,-7.24131e-19,0,1.33162,-0.00410981,-0.00399438,1.32,0,0,1,0,0,-1.81288e-16,0,0,1,45,2.13163e-14,
1.84,1,0.919501,-0.00335996,0.0351154,0.890321,0.0300842,0.0252132,-0.0903931,0.0246795,0.0252132,0.980714,0.00540473,0,1.37349,0.00291021,-0.00557457,1.35998,0.00758137,0,-0.0135135,0.00467116,0.00557457,-0.046981,0.0151947,0.0395048,0.999984,0.00557454,0,7.58269e-16,4.22706e-18,0,1.37349,-0.00474642,-0.00557457,1.36,0,0,1,0,0,7.5828e-16,0,0,1,46,2.13163e-14,
1.88,1,1.02425,0.0436795,0.175577,0.94056,0.0197338,0.0113576,-0.0401631,0.0164144,0.0113576,0.980723,0.00331945,0,1.41142,0.000619671,-0.00342375,1.39999,0.00479324,0,-0.0114331,0.00417357,0.00342375,0.0520108,-0.0124397,-0.0537704,0.999994,0.00342374,0,-1.27727e-16,-4.37307e-19,0,1.41142,-0.00421269,-0.00342375,1.4,0,0,1,0,0,-1.27728e-16,0,0,1,47,2.84217e-14,
1.92,1,1.04317,0.00419996,0.0351154,0.926493,0.0174827,0.0115605,-0.0542321,0.0146314,0.0115605,0.980725,0.00285133,0,1.451,0.000509377,-0.00294091,1.43999,0.00423491,0,-0.0110047,0.00372553,0.00294091,0.0107095,-0.0112009,-0.0120709,0.999996,0.00294091,0,-1.40422e-16,-4.12969e-19,0,1.45099,-0.00375788,-0.00294091,1.44,0,0,1,0,0,-1.40422e-16,0,0,1,48,2.84217e-14,
1.96,1,0.852575,-0.0285597,-0.30726,0.946996,0.0373997,0.00763675,-0.00879475,0.0108558,0.00763675,0.955791,0.0265439,0,1.48773,1.32501e-05,-0.00210692,1.48,0.00311824,0,-0.00773808,0.00310499,0.00210692,0.0816657,-0.0155135,-0.0208498,0.974945,0.0270542,0,-0.00307647,0.00306353,0,1.48773,-0.00312129,-0.00210692,1.48,0,0,0.975,0.025,0,-0.00307001,0.00307001,0,1,49,2.84217e-14,
2,1,0.919501,0.0722392,0.298481,0.884089,0.0713842,-0.0090293,-0.025624,0.00225782,-0.0090293,0.909713,0.0691264,0,1.52672,-0.00364318,0.00114125,1.52,-0.0017347,0,-0.00671947,0.00190848,-0.00114125,0.0254654,-0.029913,-0.0812043,0.928652,0.0703688,0,-0.00877708,0.00879713,0,1.52672,-0.00190081,0.00114125,1.52,0,0,0.928571,0.0714286,0,-0.00878711,0.00878711,0,1,50,2.13163e-14,
2.04,1,0.925321,0.00839991,-0.0482837,0.842308,0.140606,0.00775231,-0.00317465,0.00635463,0.00775231,0.845483,0.134251,0,1.56458,0.000110363,-0.00114125,1.56,0.00178035,0,-0.0045805,0.00166999,0.00114125,0.0534742,-0.00596223,0.0570625,0.86413,0.136701,0,-0.0167788,0.0167406,0,1.56458,-0.00167521,-0.00114125,1.56,0,0,0.864286,0.135714,0,-0.0167597,0.0167597,0,1,51,2.13163e-14,
2.08,1,0.925321,0.00839991,-0.0482837,1.35111,0.219455,0.00473395,0.583943,0.00810257,0.00473395,0.767164,0.211352,0,1.56458,0.000110363,-0.00114125,1.6,0.001826,0,0.0354195,0.00171564,0.00114125,0.999999,0.00114125,0,0.785469,0.215182,0,-0.026658,0.0265972,0,1.56458,-0.00167521,-0.00114125,1.6,0,0,0.785714,0.214286,0,-0.0266276,0.0266276,0,1,52,2.13163e-14,
2.12,1,0.970423,0.0209998,0.0570624,0.910485,0.298655,0.00377347,0.232294,-0.000216269,0.00377347,0.678191,0.298871,0,1.60168,0.00067565,-0.000965673,1.64,0.0015837,0,0.0383196,0.000908054,0.000965673,0.072504,-0.0201896,-0.00438942,0.696135,0.304244,0,-0.0380986,0.0380251,0,1.60168,-0.000871049,-0.000965673,1.64,0,0,0.696429,0.303571,0,-0.0380618,0.0380618,0,1,53,2.84217e-14,
2.16,1,0.987882,0.0361196,-0.100957,0.831527,0.385196,0.00640686,0.249683,-0.00862942,0.00640686,0.581843,0.393825,0,1.63865,0.00273108,-0.00140462,1.68,0.00235975,0,0.04135,-0.000371327,0.00140462,0.0757594,-0.0319845,0.0109736,0.599438,0.400842,0,-0.050836,0.0506934,0,1.63865,0.000429407,-0.00140462,1.68,0,0,0.6,0.4,0,-0.0507648,0.0507648,0,1,54,2.84217e-14,
2.2,1,0.948599,0.169678,0.452111,0.179929,0.426423,-0.0181856,-0.304257,-0.0635208,-0.0181856,0.484185,0.489944,0,1.7131,0.00142276,0.00298481,1.71999,-0.00513386,0,0.00689497,-0.00655663,-0.00298481,-0.861376,-0.154633,-0.109736,0.50149,0.498505,0,-0.0642774,0.0646623,0,1.71309,0.00653602,0.00298481,1.72,0,0,0.5,0.5,0,-0.0644701,0.0644701,0,1,55,2.84217e-14,
2.24,1,1.01698,0.136919,0.267755,0.386184,0.524269,-0.00229605,0.0025945,-0.0651071,-0.00229605,0.38359,0.589376,0,1.75534,0.00805852,0.00114125,1.76,-0.0020086,0,0.00465653,-0.0100671,-0.00114125,-0.0559609,-0.0877622,0.0460889,0.400684,0.599543,0,-0.0788529,0.0790331,0,1.75533,0.0100618,0.00114125,1.76,0,0,0.4,0.6,0,-0.078943,0.078943,0,1,56,2.84217e-14,
2.28,1,0.987882,0.214198,-0.0526732,0.353462,0.573597,0.00487086,0.0673383,-0.111419,0.00487086,0.286124,0.685016,0,1.79254,0.0177092,-0.000614519,1.8,0.00110613,0,0.00745768,-0.0166031,0.000614519,0.0700287,-0.163399,0.0438942,0.303143,0.696615,0,-0.0940375,0.093922,0,1.79255,0.0166077,-0.000614519,1.8,0,0,0.303571,0.696429,0,-0.0939798,0.0939798,0,1,57,2.84217e-14,
2.32,1,0.506308,0.267117,-0.0131683,0.350307,0.607391,-0.00657552,0.152331,-0.16539,-0.00657552,0.197977,0.77278,0,1.82513,0.0236064,0.00105346,1.84,-0.00193837,0,0.0148691,-0.0255447,-0.00105346,0.185287,-0.223541,-0.0416995,0.215113,0.785488,0,-0.109293,0.109523,0,1.8251,0.025529,0.00105346,1.84,0,0,0.214286,0.785714,0,-0.109408,0.109408,0,1,58,2.84217e-14,
2.36,1,0.707085,0.388076,0.118514,0.341959,0.609991,-0.0190172,0.220512,-0.240332,-0.0190172,0.121447,0.850323,0,1.85581,0.0308741,0.00373101,1.87999,-0.00701428,0,0.0241746,-0.0378884,-0.00373101,0.232637,-0.308591,-0.0669387,0.138938,0.863773,0,-0.12462,0.125553,0,1.85568,0.0377979,0.00373101,1.88,0,0,0.135714,0.864286,0,-0.125087,0.125087,0,1,59,2.84217e-14,
2.4,1,0.70854,0.262917,0.294091,0.339651,0.590841,0.0265447,0.290013,-0.324089,0.0265447,0.0496387,0.914929,0,1.88519,0.0605422,-0.00395048,1.91999,0.0075849,0,0.0347992,-0.0529573,0.00395048,0.265613,-0.376724,0.192037,0.0677597,0.928846,0,-0.141463,0.140349,0,1.88541,0.0530944,-0.00395048,1.92,0,0,0.0714286,0.928571,0,-0.140907,0.140907,0,1,60,2.84217e-14,
2.44,1,0.605241,0.337676,0.223861,0.418026,0.572408,-0.0213121,0.409278,-0.388925,-0.0213121,0.00874801,0.961333,0,1.91044,0.0618459,0.00294091,1.95999,-0.00576418,0,0.0495544,-0.0676101,-0.00294091,0.36888,-0.36632,-0.172285,0.0278673,0.974922,0,-0.156328,0.15725,0,1.91025,0.0674641,0.00294091,1.96,0,0,0.025,0.975,0,-0.15679,0.15679,0,1,61,2.84217e-14,
2.48,1,0.593602,0.572874,-0.324817,0.529165,0.477056,0.0242993,0.532824,-0.492476,0.0242993,-0.0036591,0.969532,0,1.93271,0.0933729,-0.00373101,1.99999,0.007462,0,0.0672785,-0.0859109,0.00373101,0.443103,-0.45752,0.166798,-0.003731,0.999993,0,0,0,0,1.93304,0.0861613,-0.00373101,2,1.42109e-15,0,-1.38778e-15,1,0,0,0,0,1,62,3.55271e-14,
2.52,1,0.593602,0.572874,-0.324817,0.351536,0.975963,0.0154764,0.355196,0.00643021,0.0154764,-0.0036591,0.969532,0,1.93271,0.0933729,-0.00373101,1.99984,0.0474617,0,0.0671292,-0.0459112,0.00373101,-0.003731,0.999993,0,-0.003731,0.999993,0,1.3179e-20,-3.53227e-18,0,1.93304,0.0861613,-0.00373101,2,0.04,0,-1.38778e-15,1,0,0,-3.53229e-18,0,1,63,3.55271e-14,
2.56,1,0.443747,0.393956,-0.166798,0.0329472,0.994735,-0.0126177,0.0315696,0.0251966,-0.0126177,0.00137755,0.969538,0,1.95436,0.0995487,0.00140462,2.00011,0.0771907,0,0.0457508,-0.022358,-0.00140462,-0.534461,0.58883,-0.128391,0.00140462,0.999999,0,4.37377e-20,3.11385e-17,0,1.95422,0.102294,0.00140462,2,0.08,0,-1.38778e-15,1,0,0,3.11385e-17,0,1,64,2.84217e-14,
2.6,1,0.480119,0.468715,0.0263365,-0.0489651,1.09744,-0.0377624,-0.056068,0.127926,-0.0377624,0.00710292,0.969514,0,1.97474,0.104828,0.00724255,2.00082,0.105512,0,0.0260788,0.000683664,-0.00724255,-0.491799,0.576041,-0.145948,0.00724249,0.999974,0,-1.58219e-19,-2.18453e-17,0,1.97393,0.119127,0.00724255,2,0.12,0,-1.38778e-15,1,0,0,-2.18459e-17,0,1,65,2.84217e-14,
2.64,1,0.39719,0.753472,-0.237029,-0.430848,1.0021,0.00309422,-0.43201,0.0325649,0.00309422,0.00116231,0.969538,0,2.01163,0.154001,0.00118514,2.00019,0.15763,0,-0.0114415,0.00362868,-0.00118514,-0.938009,0.0736253,0.151435,0.00118514,0.999999,0,-4.38722e-20,-3.70184e-17,0,2.01145,0.156385,0.00118514,2,0.16,0,-1.38778e-15,1,0,0,-3.70184e-17,0,1,66,4.26326e-14,
2.68,1,0.245879,0.499795,0.267755,-0.300622,1.13438,0.00060674,-0.300794,0.164844,0.00060674,0.000172193,0.969539,0,2.02726,0.181189,0.000175577,2.00004,0.199649,0,-0.0272239,0.0184594,-0.000175577,-0.394559,0.370768,0.0252392,0.000175577,1,0,1.5728e-20,8.9579e-17,0,2.02723,0.181545,0.000175577,2,0.2,0,-1.38778e-15,1,0,0,8.9579e-17,0,1,67,4.26326e-14,
2.72,1,0.375366,0.865191,-0.403827,-0.39268,1.12339,0.0727486,-0.37968,0.153937,0.0727486,-0.0130002,0.969454,0,2.03932,0.241085,-0.0132561,1.99664,0.26649,0,-0.0426795,0.0254048,0.0132561,-0.38639,0.173634,0.335791,-0.0132557,0.999912,0,1.90432e-18,-1.43649e-16,0,2.04234,0.214032,-0.0132561,2,0.24,0,-1.38778e-15,1,0,0,-1.43661e-16,0,1,68,4.26326e-14,
2.76,1,0.132397,0.756832,0.294091,-0.394881,1.16452,0.053546,-0.382139,0.195061,0.053546,-0.012742,0.969457,0,2.04909,0.272678,-0.0129927,1.99619,0.305961,0,-0.0528967,0.033283,0.0129927,-0.255431,0.196955,-0.00658414,-0.0129923,0.999916,0,-9.71231e-19,7.47479e-17,0,2.05246,0.246033,-0.0129927,2,0.28,0,-1.38778e-15,1,0,0,7.47542e-17,0,1,69,4.26326e-14,
2.8,1,0.16004,0.962629,-0.250197,-0.384066,1.18426,0.0615781,-0.369947,0.214822,0.0615781,-0.0141194,0.969439,0,2.05393,0.309231,-0.0143973,1.99519,0.34876,0,-0.0587424,0.0395293,0.0143973,-0.146142,0.156157,0.0351154,-0.0143968,0.999896,0,-1.30092e-18,9.03522e-17,0,2.05817,0.279629,-0.0143973,2,0.32,0,-1.38778e-15,1,0,0,9.03615e-17,0,1,70,4.26326e-14,
2.84,1,0.0290982,1.03151,-0.100957,-0.39306,1.12792,0.11759,-0.368568,0.158681,0.11759,-0.024492,0.969237,0,2.05284,0.372537,-0.0249758,1.99039,0.409834,0,-0.0624549,0.037297,0.0249758,-0.0928134,-0.0558059,0.264463,-0.0249732,0.999688,0,3.57411e-18,-1.43073e-16,0,2.0615,0.321155,-0.0249758,2,0.36,0,-1.38778e-15,1,0,0,-1.43118e-16,0,1,71,4.26326e-14,
2.88,1,-0.0756552,1.04495,-0.162409,-0.38531,1.17926,0.074066,-0.366112,0.209904,0.074066,-0.0191983,0.969353,0,2.0565,0.397862,-0.0195768,1.99179,0.439075,0,-0.0647088,0.0412125,0.0195768,-0.0563472,0.0978856,-0.134975,-0.0195756,0.999808,0,-1.47017e-18,7.50876e-17,0,2.06389,0.357529,-0.0195768,2,0.4,0,-1.38778e-15,1,0,0,7.5102e-17,0,1,72,4.26326e-14,
2.92,1,-0.00436473,0.90971,-0.0526731,-0.332908,1.18175,0.0425461,-0.320639,0.212282,0.0425461,-0.0122685,0.969463,0,2.05752,0.421413,-0.0125099,1.99434,0.464985,0,-0.063185,0.0435721,0.0125099,0.0380954,0.0589907,-0.176674,-0.0125095,0.999922,0,-1.13283e-18,9.05501e-17,0,2.06264,0.395641,-0.0125099,2,0.44,0,-1.38778e-15,1,0,0,9.05572e-17,0,1,73,4.26326e-14,
2.96,1,-0.104753,0.799671,0.833991,-0.289306,1.15805,0.0273991,-0.281429,0.18854,0.0273991,-0.00787776,0.969508,0,2.05569,0.453574,-0.00803265,1.99608,0.49605,0,-0.0596151,0.0424753,0.00803265,0.0892468,-0.0274187,-0.11193,-0.00803256,0.999968,0,1.1489e-18,-1.43026e-16,0,2.05927,0.437047,-0.00803265,2,0.48,0,-1.38778e-15,1,0,0,-1.43031e-16,0,1,74,4.26326e-14,
3,1,-0.155675,0.94835,0.30726,-0.225664,1.17483,-0.00365879,-0.224415,0.205295,-0.00365879,-0.0012484,0.969538,0,2.05288,0.478988,-0.00127293,1.99934,0.522545,0,-0.0535434,0.0435574,0.00127293,0.151793,0.027052,-0.168993,-0.00127293,0.999999,0,1.93911e-19,-1.52334e-16,0,2.05349,0.476374,-0.00127293,2,0.52,0,-1.38778e-15,1,0,0,-1.52334e-16,0,1,75,4.26326e-14,
3.04,1,-0.155675,0.94835,0.30726,-0.28651,1.56876,0.00528018,-0.285262,0.599225,0.00528018,-0.0012484,0.969538,0,2.05288,0.478988,-0.00127293,1.99929,0.562545,0,-0.0535943,0.0835574,0.00127293,-0.00127293,0.999999,0,-0.00127293,0.999999,0,-4.07025e-19,3.19754e-16,0,2.05349,0.476374,-0.00127293,2,0.56,0,-1.38778e-15,1,0,0,3.19754e-16,0,1,76,4.26326e-14,
3.08,1,-0.235695,1.06343,0.118514,-0.195277,1.3113,0.0139245,-0.192479,0.341766,0.0139245,-0.00279814,0.969535,0,2.04581,0.52623,-0.00285313,1.99828,0.605704,0,-0.0475261,0.0794737,0.00285313,0.151705,-0.102092,0.0395048,-0.00285312,0.999996,0,3.93572e-19,-1.37944e-16,0,2.0473,0.520391,-0.00285313,2,0.6,0,-1.38778e-15,1,0,0,-1.37944e-16,0,1,77,4.26326e-14,
3.12,1,-0.112028,1.05083,-0.276534,-0.0948858,1.37917,-0.0986205,-0.111889,0.409775,-0.0986205,0.0170032,0.969393,0,2.04907,0.521164,0.0173382,2.0108,0.605229,0,-0.0382786,0.0840653,-0.0173382,0.231189,0.114789,-0.504784,0.0173374,0.99985,0,-2.71645e-18,-1.56658e-16,0,2.03973,0.556611,0.0173382,2,0.64,0,-1.38778e-15,1,0,0,-1.56682e-16,0,1,78,4.26326e-14,
3.16,1,-0.368091,1.34987,0.37749,0.111483,0.853007,-0.107217,0.0881534,-0.116258,-0.107217,0.02333,0.969265,0,2.03472,0.598308,0.0237907,2.01561,0.632231,0,-0.0191075,0.0339226,-0.0237907,0.479279,-1.25357,-0.161311,0.0237884,0.999717,0,7.3086e-18,3.07147e-16,0,2.01991,0.646542,0.0237907,2,0.68,0,-1.38778e-15,1,0,0,3.07234e-16,0,1,79,4.26326e-14,
3.2,1,-0.209507,1.31039,-0.421385,0.0732214,1.02647,-0.0509008,0.0584564,0.0570433,-0.0509008,0.014765,0.969429,0,2.0192,0.665718,0.0150557,2.01061,0.689808,0,-0.00858741,0.0240897,-0.0150557,0.263001,-0.245821,0.218374,0.0150552,0.999887,0,-2.11408e-18,-1.40406e-16,0,2.00895,0.696042,0.0150557,2,0.72,0,-1.38778e-15,1,0,0,-1.40422e-16,0,1,80,4.26326e-14,
3.24,1,-0.219691,1.39354,-0.737423,0.0848277,1.02225,-0.0485248,0.0725592,0.0527874,-0.0485248,0.0122685,0.969463,0,2.01017,0.716586,0.0125099,2.00935,0.734921,0,-0.000815603,0.0183356,-0.0125099,0.194295,-0.143854,0.0636466,0.0125095,0.999922,0,-1.88116e-18,-1.50366e-16,0,2.00104,0.741676,0.0125099,2,0.76,0,-1.38778e-15,1,0,0,-1.50378e-16,0,1,81,5.68434e-14,
3.28,1,-0.0218236,0.810591,0.337986,0.106893,1.01743,-0.0919915,0.0874362,0.0480771,-0.0919915,0.0194566,0.969348,0,2.01026,0.745419,0.0198402,2.01548,0.760165,0,0.00521909,0.0147462,-0.0198402,0.150867,-0.0897353,-0.183258,0.0198389,0.999803,0,6.37117e-18,3.21082e-16,0,1.99507,0.785153,0.0198402,2,0.8,0,-1.38778e-15,1,0,0,3.21145e-16,0,1,82,5.68434e-14,
3.32,1,-0.107663,0.88199,0.513563,0.159669,1.04487,-0.138966,0.130056,0.0757685,-0.138966,0.0296128,0.969097,0,2.0125,0.763656,0.0301992,2.02445,0.779228,0,0.0119479,0.0155717,-0.0301992,0.168221,0.0206377,-0.258976,0.0301946,0.999544,0,-4.13761e-18,-1.36969e-16,0,1.98853,0.824075,0.0301992,2,0.84,0,-1.38778e-15,1,0,0,-1.37031e-16,0,1,83,5.68434e-14,
3.36,1,-0.0698355,1.01639,0.0570625,0.15714,1.02505,-0.10966,0.130325,0.0558689,-0.10966,0.0268158,0.969177,0,2.00697,0.810958,0.0273461,2.02331,0.824986,0,0.0163434,0.014028,-0.0273461,0.109888,-0.0385916,0.0713281,0.0273427,0.999626,0,-4.26984e-18,-1.56102e-16,0,1.98405,0.86553,0.0273461,2,0.88,0,-1.38778e-15,1,0,0,-1.5616e-16,0,1,84,5.68434e-14,
3.4,1,-0.125122,1.00799,-0.144851,0.160148,1.02442,-0.0999861,0.135742,0.0551843,-0.0999861,0.0244059,0.969239,0,2.00272,0.856821,0.024888,2.02228,0.869944,0,0.0195594,0.013123,-0.024888,0.0803998,-0.022625,0.0614519,0.0248855,0.99969,0,7.65106e-18,3.07356e-16,0,1.98077,0.906394,0.024888,2,0.92,0,-1.38778e-15,1,0,0,3.07451e-16,0,1,85,5.68434e-14,
3.44,1,0.0261883,1.09871,-0.434553,0.153816,1.01222,-0.0895498,0.131863,0.0429243,-0.0895498,0.0219528,0.969296,0,1.99959,0.903585,0.0223861,2.02099,0.914991,0,0.0213967,0.0114059,-0.0223861,0.0459315,-0.0429265,0.0625493,0.0223842,0.999749,0,-3.14324e-18,-1.40387e-16,0,1.97886,0.948118,0.0223861,2,0.96,0,-1.38778e-15,1,0,0,-1.40422e-16,0,1,86,5.68434e-14,
3.48,1,-0.00727455,0.93827,0.294091,0.15783,1.00038,-0.0844541,0.137384,0.0310534,-0.0844541,0.0204465,0.969328,0,1.99746,0.948798,0.0208498,2.02041,0.958086,0,0.0229551,0.00928778,-0.0208498,0.0389596,-0.0529543,0.0384075,0.0208483,0.999783,0,-3.13784e-18,-1.50476e-16,0,1.97724,0.990236,0.0208498,2,1,0,-1.38778e-15,1,0,0,-1.50508e-16,0,1,87,5.68434e-14,
3.52,1,0,1.14071,-0.109736,0.141524,0.971522,-0.047106,0.128137,0.00207337,-0.047106,0.0133876,0.969449,0,1.99065,1.00736,0.0136511,2.01401,1.0126,0,0.0233609,0.00524043,-0.0136511,0.0101457,-0.101184,0.179966,0.0136507,0.999907,0,-2.16136e-18,-1.58319e-16,0,1.97671,1.03444,0.0136511,2,1.04,0,-1.38778e-15,1,0,0,-1.58334e-16,0,1,88,5.68434e-14,
3.56,1,0,1.14071,-0.109736,0.145813,1.3932,-0.0566254,0.132425,0.423747,-0.0566254,0.0133876,0.969449,0,1.99065,1.00736,0.0136511,2.01456,1.0526,0,0.0239069,0.0452367,-0.0136511,0.0136507,0.999907,0,0.0136507,0.999907,0,-2.47471e-18,-1.81271e-16,0,1.97671,1.03444,0.0136511,2,1.08,0,-1.38778e-15,1,0,0,-1.81288e-16,0,1,89,5.68434e-14,
3.6,1,0.0334629,1.07939,0.0438943,0.124008,1.15294,-0.0350145,0.114494,0.183443,-0.0350145,0.00951354,0.969493,0,1.98769,1.05768,0.00970063,2.01077,1.10055,0,0.0230831,0.0428674,-0.00970063,-0.0205964,-0.0592325,0.098762,0.00970047,0.999953,0,7.35568e-18,7.58245e-16,0,1.97733,1.07691,0.00970063,2,1.12,0,-1.38778e-15,1,0,0,7.5828e-16,0,1,90,5.68434e-14,
3.64,1,-0.0392825,1.20203,-0.539899,0.106953,1.12953,-0.0102236,0.102821,0.16,-0.0102236,0.00413263,0.96953,0,1.98309,1.11232,0.00421385,2.00487,1.15156,0,0.0217794,0.039238,-0.00421385,-0.0325917,-0.0907354,0.137169,0.00421383,0.999991,0,-5.38224e-19,-1.27727e-16,0,1.97839,1.12067,0.00421385,2,1.16,0,-1.38778e-15,1,0,0,-1.27728e-16,0,1,91,5.68434e-14,
3.68,1,0.0887493,1.05923,0.544288,0.0642768,0.688108,-0.0395703,0.0561838,-0.281398,-0.0395703,0.008093,0.969506,0,1.99197,1.19035,0.00825212,2.00983,1.18346,0,0.0178644,-0.00689176,-0.00825212,-0.0978742,-1.15324,-0.100957,0.00825202,0.999966,0,-1.15877e-18,-1.40418e-16,0,1.98208,1.20674,0.00825212,2,1.2,0,-1.38778e-15,1,0,0,-1.40422e-16,0,1,92,5.68434e-14,
3.72,1,0.0712904,1.16171,-0.0263365,0.0609722,0.856938,0.0111526,0.0610152,-0.112602,0.0111526,-4.30483e-05,0.969539,0,1.98431,1.25509,-4.38942e-05,1.99995,1.24009,0,0.0156351,-0.0150007,4.38942e-05,-0.0557349,-0.202722,0.2074,-4.38942e-05,1,0,6.60645e-21,-1.50508e-16,0,1.98437,1.255,-4.38942e-05,2,1.24,0,-1.38778e-15,1,0,0,-1.50508e-16,0,1,93,5.68434e-14,
3.76,1,-0.00727455,1.19195,-0.368712,0.0344394,0.843343,0.0210726,0.0382277,-0.126188,0.0210726,-0.00378825,0.969532,0,1.98235,1.30847,-0.00386269,1.99504,1.28772,0,0.0126861,-0.0207542,0.00386269,-0.0737238,-0.143839,0.09547,-0.00386268,0.999993,0,6.11593e-19,-1.58333e-16,0,1.98739,1.3008,-0.00386269,2,1.28,0,-1.38778e-15,1,0,0,-1.58334e-16,0,1,94,5.68434e-14,
3.8,1,0.107663,0.984469,-0.201913,0.0151669,0.847846,0.00305611,0.0166306,-0.121692,0.00305611,-0.00146364,0.969538,0,1.98868,1.34641,-0.0014924,1.99803,1.32298,0,0.00934729,-0.0234222,0.0014924,-0.0834704,-0.0666995,-0.0592572,-0.0014924,0.999999,0,2.70555e-19,-1.81288e-16,0,1.99069,1.34344,-0.0014924,2,1.32,0,-1.38778e-15,1,0,0,-1.81288e-16,0,1,95,5.68434e-14,
3.84,1,0.0596512,0.94499,0.539899,0.0228196,0.851754,-0.0207029,0.0194618,-0.117779,-0.0207029,0.00335776,0.969533,0,1.99728,1.37762,0.00342375,2.00464,1.35314,0,0.00736121,-0.0244764,-0.00342375,-0.049652,-0.0263554,-0.122904,0.00342374,0.999994,0,2.59616e-18,7.58276e-16,0,1.99256,1.38445,0.00342375,2,1.36,0,-1.38778e-15,1,0,0,7.5828e-16,0,1,96,5.68434e-14,
3.88,1,0.0509217,1.02059,0.0263365,0.0048487,0.843737,0.00116584,0.00424602,-0.125802,0.00116584,0.000602677,0.969539,0,1.99579,1.42462,0.000614519,2.00086,1.39877,0,0.00506847,-0.0258504,-0.000614519,-0.0573184,-0.0343492,0.0702308,0.000614519,1,0,-7.84912e-20,-1.27728e-16,0,1.99492,1.42585,0.000614519,2,1.4,0,-1.38778e-15,1,0,0,-1.27728e-16,0,1,97,5.68434e-14,
3.92,1,0.0421923,1.04243,0.0877884,-0.000330945,0.857197,-0.00495026,-0.0013641,-0.112342,-0.00495026,0.00103316,0.969539,0,1.99831,1.46314,0.00105346,2.00152,1.43789,0,0.00320788,-0.0252482,-0.00105346,-0.0465147,0.0150546,-0.0109736,0.00105346,0.999999,0,-1.47929e-19,-1.40422e-16,0,1.99677,1.46524,0.00105346,2,1.44,0,-1.38778e-15,1,0,0,-1.40422e-16,0,1,98,7.10543e-14,
3.96,1,-0.0392825,0.95003,-0.223861,-0.0333475,0.855082,-0.0118135,-0.010772,-0.0899609,-0.0118135,-0.0225755,0.945043,0,2.00219,1.49785,0.00241418,2.00357,1.47517,0,0.00137871,-0.0226826,-0.00241418,-0.0457293,0.0641388,-0.034018,-0.0226461,0.975058,0,-0.00307741,-0.00306259,0,1.99857,1.50268,0.00241418,2,1.48,0,-0.025,0.975,0,-0.00307001,-0.00307001,0,1,99,7.10543e-14,
4,1,-0.0392825,0.95003,-0.223861,-0.0601064,1.19549,-0.0100141,0.0087939,0.295933,-0.0100141,-0.0689003,0.899553,0,2.00219,1.49785,0.00241418,2.00366,1.51517,0,0.00147528,0.0173172,-0.00241418,0.00241418,0.999997,0,-0.0691866,0.928741,0,-0.0088083,-0.00876587,0,1.99857,1.50268,0.00241418,2,1.52,0,-0.0714286,0.928571,0,-0.00878711,-0.00878711,0,1,100,7.10543e-14,
4.04,1,0.0756552,0.96263,-0.171188,-0.151419,0.941866,-0.017698,-0.0195585,0.105121,-0.017698,-0.131861,0.836745,0,2.00627,1.53245,0.0038188,2.00594,1.55235,0,-0.000326318,0.0199017,-0.0038188,-0.04504,0.0646108,-0.0351154,-0.132413,0.864798,0,-0.0168236,-0.0166956,0,2.0004,1.5401,0.0038188,2,1.56,0,-0.135714,0.864286,0,-0.0167597,-0.0167597,0,1,101,7.10543e-14,
4.08,1,0.0407374,0.766072,0.276534,-0.219019,0.889819,-0.0175214,-0.00886592,0.129904,-0.0175214,-0.210153,0.759915,0,2.00738,1.56795,0.00412606,2.00658,1.59173,0,-0.000795321,0.0237818,-0.00412606,-0.0117251,0.0970038,-0.00768149,-0.211042,0.786592,0,-0.0267373,-0.0265175,0,2.00089,1.57622,0.00412606,2,1.6,0,-0.214286,0.785714,0,-0.0266276,-0.0266276,0,1,102,7.10543e-14,
4.12,1,-0.0538315,0.995389,-0.30287,-0.325541,0.431451,0.020824,-0.0213907,-0.239024,0.020824,-0.30415,0.670475,0,1.99731,1.65664,-0.00280923,1.99538,1.64561,0,-0.00192407,-0.0110277,0.00280923,-0.0282188,-0.870239,0.173382,-0.305527,0.695573,0,-0.0379547,-0.0381686,0,2.00196,1.65102,-0.00280923,2,1.64,0,-0.303571,0.696429,0,-0.0380618,-0.0380618,0,1,103,7.10543e-14,
4.16,1,0.0276432,0.93323,-0.245808,-0.409641,0.540707,0.0138139,-0.00945089,-0.0345541,0.0138139,-0.40019,0.575261,0,1.99648,1.69583,-0.00320428,1.99461,1.6864,0,-0.0018733,-0.00943308,0.00320428,0.00126936,0.0398664,0.0098762,-0.401921,0.598715,0,-0.0506018,-0.0509272,0,2.0019,1.68943,-0.00320428,2,1.68,0,-0.4,0.6,0,-0.0507648,-0.0507648,0,1,104,7.10543e-14,
4.2,1,-0.0698355,0.93911,-0.0307259,-0.47198,0.466003,0.0075286,0.0270845,-0.0111049,0.0075286,-0.499065,0.477108,0,1.99573,1.73052,-0.00215082,1.9963,1.7243,0,0.00056227,-0.00622279,0.00215082,0.0608892,0.0802572,-0.0263365,-0.501074,0.498923,0,-0.0643313,-0.0646087,0,1.99945,1.72622,-0.00215082,2,1.72,0,-0.5,0.5,0,-0.0644701,-0.0644701,0,1,105,7.10543e-14,
4.24,1,-0.078565,0.87695,-0.0790096,-0.555599,0.373495,0.0360553,0.0449296,-0.00203096,0.0360553,-0.600529,0.375526,0,1.98411,1.77775,-0.00711087,1.98743,1.77418,0,0.00332035,-0.00357529,0.00711087,0.068952,0.0661875,0.124001,-0.602829,0.395723,0,-0.0783797,-0.0795024,0,1.99671,1.7636,-0.00711087,2,1.76,0,-0.6,0.4,0,-0.078943,-0.078943,0,1,106,7.10543e-14,
4.28,1,-0.199322,0.834111,-0.0526731,-0.583554,0.35072,0.0527879,0.113838,0.0738261,0.0527879,-0.697392,0.276894,0,1.96976,1.81717,-0.0113686,1.97941,1.82262,0,0.00964612,0.00544905,0.0113686,0.158144,0.225609,0.106444,-0.699835,0.295635,0,-0.0929053,-0.0950421,0,1.99029,1.79466,-0.0113686,2,1.8,0,-0.696429,0.303571,0,-0.0939798,-0.0939798,0,1,107,7.10543e-14,
4.32,1,-0.260428,0.750112,-0.267755,-0.620992,0.310453,0.0728504,0.165652,0.126345,0.0728504,-0.786644,0.184108,0,1.95301,1.8563,-0.0160653,1.97018,1.87189,0,0.017169,0.0155939,0.0160653,0.188071,0.253621,0.117417,-0.789055,0.201636,0,-0.107636,-0.111152,0,1.98258,1.82468,-0.0160653,2,1.84,0,-0.785714,0.214286,0,-0.109408,-0.109408,0,1,108,7.10543e-14,
4.36,1,-0.248789,0.672833,-0.447721,-0.63622,0.294748,0.0964145,0.228622,0.194306,0.0964145,-0.864842,0.100443,0,1.9329,1.89469,-0.0215082,1.95911,1.92258,0,0.0262042,0.027891,0.0215082,0.225881,0.307428,0.136072,-0.867005,0.117095,0,-0.122368,-0.127748,0,1.9732,1.85268,-0.0215082,2,1.88,0,-0.864286,0.135714,0,-0.125087,-0.125087,0,1,109,7.10543e-14,
4.4,1,-0.372456,0.562794,0.0965673,-0.594808,0.31118,0.105785,0.333646,0.278819,0.105785,-0.928455,0.0323605,0,1.9133,1.92548,-0.0245369,1.95229,1.96849,0,0.038989,0.0430105,0.0245369,0.319618,0.377987,0.0757176,-0.930044,0.0486251,0,-0.137408,-0.144322,0,1.95997,1.87796,-0.0245369,2,1.92,0,-0.928571,0.0714286,0,-0.140907,-0.140907,0,1,110,7.10543e-14,
4.44,1,-0.375366,0.557754,-0.00877882,-0.567545,0.339121,0.113066,0.407114,0.356515,0.113066,-0.974659,-0.0173941,0,1.89502,1.95352,-0.0265999,1.94716,2.0125,0,0.052138,0.0589773,0.0265999,0.328726,0.399172,0.0515757,-0.97532,-0.000940695,0,-0.152564,-0.160904,0,1.94631,1.90243,-0.0265999,2,1.96,0,-0.975,0.025,0,-0.15679,-0.15679,0,1,111,7.10543e-14,
4.48,1,-0.483029,0.520794,-0.0175577,-0.464514,0.443239,0.13435,0.515744,0.47328,0.13435,-0.980258,-0.0300406,0,1.86923,1.9817,-0.0309893,1.93707,2.06101,0,0.0678362,0.0793122,0.0309893,0.392456,0.508373,0.109736,-0.99952,-0.0309844,0,1.50436e-16,4.66341e-18,0,1.92974,1.92283,-0.0309893,2,2,0,-1,-1.38778e-15,0,1.50508e-16,0,0,1,112,7.10543e-14,
4.52,1,-0.483029,0.520794,-0.0175577,-1.22782,0.320716,0.128545,-0.24756,0.350757,0.128545,-0.980258,-0.0300406,0,1.86923,1.9817,-0.0309893,1.89709,2.05977,0,0.0278554,0.0780729,0.0309893,-0.99952,-0.0309844,0,-0.99952,-0.0309844,0,1.58258e-16,4.90587e-18,0,1.92974,1.92283,-0.0309893,1.96,2,0,-1,-1.38778e-15,0,1.58334e-16,0,0,1,113,8.52651e-14,
4.56,1,-0.467025,0.476275,-0.0131683,-1.16812,0.123585,0.123262,-0.18783,0.15269,0.123262,-0.980287,-0.0291047,0,1.85332,1.99915,-0.0300237,1.8591,2.05674,0,0.00577145,0.0575842,0.0300237,-0.5521,-0.512217,-0.0241418,-0.999549,-0.0300191,0,1.81207e-16,5.44212e-18,0,1.9125,1.94262,-0.0300237,1.92,2,0,-1,-1.38778e-15,0,1.81288e-16,0,0,1,114,8.52651e-14,
4.6,1,-0.500488,0.393116,0.210692,-0.966273,-0.120031,0.0870806,0.014193,-0.0975628,0.0870806,-0.980466,-0.0224682,0,1.82846,2.02159,-0.0231762,1.83315,2.04303,0,0.00468827,0.0214431,0.0231762,-0.0270795,-0.903527,-0.171188,-0.999731,-0.0231741,0,-7.58077e-16,-1.75725e-17,0,1.87482,1.97867,-0.0231762,1.88,2,0,-1,-1.38778e-15,0,-7.5828e-16,0,0,1,115,8.52651e-14,
4.64,1,-0.883128,0.430915,0.237029,-1.20325,-0.103865,0.0793273,-0.222719,-0.0843755,0.0793273,-0.980531,-0.0194899,0,1.81102,2.03341,-0.0201036,1.79942,2.03658,0,-0.0115956,0.00317789,0.0201036,-0.407096,-0.45663,-0.0768149,-0.999798,-0.0201022,0,1.27702e-16,2.56761e-18,0,1.85153,1.99659,-0.0201036,1.84,2,0,-1,-1.38778e-15,0,1.27728e-16,0,0,1,116,8.52651e-14,
4.68,1,-0.651798,0.425035,0.114125,-1.23769,-0.16522,0.0915545,-0.257193,-0.144283,0.0915545,-0.9805,-0.0209365,0,1.78085,2.05112,-0.021596,1.75639,2.0384,0,-0.024457,-0.0127138,0.021596,-0.321535,-0.397293,0.0373101,-0.999767,-0.0215943,0,1.4039e-16,3.03232e-18,0,1.82473,2.01218,-0.021596,1.8,2,0,-1,-1.38778e-15,0,1.40422e-16,0,0,1,117,8.52651e-14,
4.72,1,-0.679441,0.225958,-0.30726,-1.27627,-0.182654,0.0634079,-0.29568,-0.166355,0.0634079,-0.98059,-0.0162986,0,1.76149,2.05284,-0.0168115,1.72613,2.0293,0,-0.0353555,-0.0235338,0.0168115,-0.272465,-0.270499,-0.119612,-0.999859,-0.0168107,0,1.50487e-16,2.53015e-18,0,1.79575,2.02294,-0.0168115,1.76,2,0,-1,-1.38778e-15,0,1.50508e-16,0,0,1,118,8.52651e-14,
4.76,1,-1.03153,0.141958,-0.15363,-1.2573,-0.197358,0.0452425,-0.276645,-0.1854,0.0452425,-0.980654,-0.0119583,0,1.7364,2.05236,-0.0123343,1.6952,2.02106,0,-0.0411945,-0.0313025,0.0123343,-0.145974,-0.194219,-0.11193,-0.999924,-0.012334,0,1.58322e-16,1.95288e-18,0,1.76158,2.03079,-0.0123343,1.72,2,0,-1,-1.38778e-15,0,1.58334e-16,0,0,1,119,8.52651e-14,
4.8,1,-0.968968,0.0335996,0.399438,-1.26743,-0.187749,-0.0160706,-0.286701,-0.187707,-0.0160706,-0.980729,-4.25572e-05,0,1.72557,2.03582,-4.38942e-05,1.67991,2.00007,0,-0.0456547,-0.0357431,4.38942e-05,-0.111504,-0.111016,-0.30726,-1,-4.38942e-05,0,1.81288e-16,7.95751e-21,0,1.72566,2.03574,-4.38942e-05,1.68,2,0,-1,-1.38778e-15,0,1.81288e-16,0,0,1,120,8.52651e-14,
4.84,1,-1.00825,0.086519,0.0438941,-1.28,-0.174855,-0.0519241,-0.299314,-0.184048,-0.0519241,-0.980685,0.00919221,0,1.70827,2.02214,0.00948116,1.65889,1.98436,0,-0.0493859,-0.0377834,-0.00948116,-0.0932816,-0.051006,-0.238126,-0.999955,0.00948101,0,-7.58246e-16,7.18927e-18,0,1.68903,2.03825,0.00948116,1.64,2,0,-1,-1.38778e-15,0,-7.5828e-16,0,0,1,121,8.52651e-14,
4.88,1,-1.11446,0.0117599,0.0614518,-1.22538,-0.171868,-0.0410091,-0.244695,-0.181358,-0.0410091,-0.980682,0.0094901,0,1.66772,2.02286,0.00978841,1.6195,1.98424,0,-0.0482218,-0.0386199,-0.00978841,0.0291043,-0.020912,-0.00768149,-0.999952,0.00978826,0,1.27722e-16,-1.25023e-18,0,1.64784,2.03909,0.00978841,1.6,2,0,-1,-1.38778e-15,0,1.27728e-16,0,0,1,122,8.52651e-14,
4.92,1,-0.932595,-0.0277197,-0.144851,-1.22862,-0.163883,-0.0823837,-0.248045,-0.180777,-0.0823837,-0.98058,0.0168943,0,1.6423,2.01153,0.017426,1.59461,1.97251,0,-0.0476847,-0.039015,-0.017426,0.0134276,-0.00987885,-0.19094,-0.999848,0.0174251,0,6.37238e-17,-1.11056e-18,0,1.607,2.03984,0.017426,1.56,2,0,-1,-1.38778e-15,0,6.37335e-17,0,0,1,123,8.52651e-14,
4.96,1,-0.932595,-0.0277197,-0.144851,-1.84213,-0.154776,-0.0722838,-0.861547,-0.17167,-0.0722838,-0.98058,0.0168943,0,1.6423,2.01153,0.017426,1.55462,1.97321,0,-0.0876786,-0.038318,-0.017426,-0.999848,0.0174251,0,-0.999848,0.0174251,0,7.6938e-18,-1.34086e-19,0,1.607,2.03984,0.017426,1.52,2,0,-1,-1.38778e-15,0,7.69497e-18,0,0,1,124,8.52651e-14,
5,1,-1.16684,-1.61562e-08,0.0131682,-1.38404,-0.149296,-0.105661,-0.403578,-0.172104,-0.105661,-0.980458,0.0228085,0,1.61022,2.00261,0.0235273,1.52664,1.96463,0,-0.0835833,-0.0379837,-0.0235273,0.102383,0.00835707,-0.152532,-0.999723,0.0235251,0,-3.22925e-17,7.59897e-19,0,1.56267,2.03994,0.0235273,1.48,2,0,-1,-1.38778e-15,0,-3.23015e-17,0,0,1,125,8.52651e-14,
5.04,1,-1.13046,-0.0142798,0.136072,-1.36876,-0.133892,-0.111759,-0.388368,-0.159211,-0.111759,-0.980394,0.0253186,0,1.57166,1.99823,0.0261171,1.49174,1.96171,0,-0.0799187,-0.0365126,-0.0261171,0.0916147,0.0367787,-0.064744,-0.999659,0.0261141,0,-6.63628e-17,1.7336e-18,0,1.51894,2.03859,0.0261171,1.44,2,0,-1,-1.38778e-15,0,-6.63854e-17,0,0,1,126,8.52651e-14,
5.08,1,-1.10136,-0.140278,-0.364322,-0.615817,-0.0971831,-0.0831221,0.364685,-0.118034,-0.0831221,-0.980502,0.0208514,0,1.4707,2.00102,0.0215082,1.44269,1.96943,0,-0.0280143,-0.0315956,-0.0215082,1.29761,0.122925,0.115222,-0.999769,0.0215065,0,-1.05327e-15,2.26574e-17,0,1.42733,2.03219,0.0215082,1.4,2,0,-1,-1.38778e-15,0,-1.05352e-15,0,0,1,127,8.52651e-14,
5.12,1,-1.15229,-0.100799,0.171187,-0.910793,-0.0775744,-0.123554,0.0695575,-0.10451,-0.123554,-0.98035,0.0269352,0,1.42869,1.98902,0.0277851,1.41504,1.96145,0,-0.0136523,-0.0275779,-0.0277851,0.359051,0.100442,-0.156922,-0.999614,0.0277815,0,-1.97863e-16,5.49904e-18,0,1.37288,2.02795,0.0277851,1.36,2,0,-1,-1.38778e-15,0,-1.97939e-16,0,0,1,128,8.52651e-14,
5.16,1,-1.35743,-0.091559,-0.30726,-0.891003,-0.0510299,-0.0994056,0.0894221,-0.0751573,-0.0994056,-0.980425,0.0241274,0,1.37236,1.989,0.024888,1.36936,1.96653,0,-0.00300198,-0.0224639,-0.024888,0.266258,0.127848,0.0724255,-0.99969,0.0248855,0,-2.09047e-16,5.20384e-18,0,1.32244,2.02253,0.024888,1.32,2,0,-1,-1.38778e-15,0,-2.09112e-16,0,0,1,129,8.52651e-14,
5.2,1,-1.097,-0.0722392,0.0965673,-0.878001,-0.0455462,-0.113322,0.102377,-0.0714604,-0.113322,-0.980379,0.0259142,0,1.32822,1.9844,0.0267316,1.333,1.96507,0,0.00477913,-0.0193229,-0.0267316,0.194528,0.0785271,-0.0460889,-0.999643,0.0267284,0,-2.17034e-16,5.80303e-18,0,1.27471,2.01919,0.0267316,1.28,2,0,-1,-1.38778e-15,0,-2.17111e-16,0,0,1,130,8.52651e-14,
5.24,1,-1.13046,-0.0579593,-0.118514,-0.888582,-0.0324367,-0.0755861,0.0919452,-0.0520968,-0.0755861,-0.980527,0.0196601,0,1.27114,1.99013,0.0202791,1.2803,1.97444,0,0.00915558,-0.0156833,-0.0202791,0.109411,0.0909878,0.161311,-0.999794,0.0202777,0,-2.13807e-16,4.33641e-18,0,1.23053,2.01549,0.0202791,1.24,2,0,-1,-1.38778e-15,0,-2.13851e-16,0,0,1,131,8.52651e-14,
5.28,1,-1.01552,-0.107519,-0.337986,-0.862323,-0.0231982,-0.0716325,0.118247,-0.0406457,-0.0716325,-0.98057,0.0174475,0,1.22206,1.99065,0.0179966,1.2358,1.97808,0,0.0137325,-0.0125654,-0.0179966,0.114423,0.0779485,0.0570625,-0.999838,0.0179957,0,-2.09426e-16,3.76937e-18,0,1.18604,2.01232,0.0179966,1.2,2,0,-1,-1.38778e-15,0,-2.0946e-16,0,0,1,132,8.52651e-14,
5.32,1,-1.09991,-0.0621593,-0.127293,-0.860109,-0.0136636,-0.0780125,0.12045,-0.0317068,-0.0780125,-0.980559,0.0180432,0,1.18016,1.98805,0.0186112,1.19702,1.97807,0,0.0168552,-0.00998145,-0.0186112,0.078066,0.0645987,-0.015363,-0.999827,0.0186101,0,-1.1627e-15,2.16416e-17,0,1.14296,2.00967,0.0186112,1.16,2,0,-1,-1.38778e-15,0,-1.1629e-15,0,0,1,133,8.52651e-14,
5.36,1,-1.097,-0.0655193,-0.0263366,-0.871812,0.00647386,-0.071437,0.108766,-0.0105481,-0.071437,-0.980578,0.017022,0,1.13682,1.98649,0.0175577,1.15494,1.98003,0,0.0181184,-0.00646425,-0.0175577,0.0315819,0.0879301,0.0263365,-0.999846,0.0175568,0,-2.78367e-16,4.88799e-18,0,1.10177,2.00615,0.0175577,1.12,2,0,-1,-1.38778e-15,0,-2.7841e-16,0,0,1,134,8.52651e-14,
5.4,1,-1.097,-0.0655193,-0.0263366,-1.4925,-0.0055566,-0.0728301,-0.51192,-0.0225786,-0.0728301,-0.980578,0.017022,0,1.13682,1.98649,0.0175577,1.11495,1.98073,0,-0.0218754,-0.00576198,-0.0175577,-0.999846,0.0175568,0,-0.999846,0.0175568,0,-2.65414e-16,4.66053e-18,0,1.10177,2.00615,0.0175577,1.08,2,0,-1,-1.38778e-15,0,-2.65455e-16,0,0,1,135,8.52651e-14,
5.44,1,-0.944235,-0.0092399,0.30726,-1.09683,0.0192247,-0.0574624,-0.116207,0.00492599,-0.0574624,-0.980622,0.0142987,0,1.09126,1.98707,0.0147485,1.06938,1.98444,0,-0.021874,-0.00262952,-0.0147485,3.62282e-05,0.0783114,0.0702308,-0.999891,0.0147479,0,4.0592e-15,-5.98713e-17,0,1.06183,2.00295,0.0147485,1.04,2,0,-1,-1.38778e-15,0,4.05964e-15,0,0,1,136,8.52651e-14,
5.48,1,-0.918046,-0.123479,-0.368712,-1.09514,0.03281,-0.0234784,-0.114441,0.0251923,-0.0234784,-0.980699,0.00761766,0,1.03744,1.99099,0.00785707,1.01568,1.99208,0,-0.0217569,0.00109564,-0.00785707,0.00292568,0.0931289,0.172285,-0.999969,0.00785699,0,1.5233e-16,-1.19689e-18,0,1.02176,1.99908,0.00785707,1,2,0,-1,-1.38778e-15,0,1.52334e-16,0,0,1,137,1.13687e-13,
5.52,1,-0.998066,-0.0268797,-0.127293,-1.10722,0.0282654,-0.0258681,-0.126517,0.0218393,-0.0258681,-0.980707,0.00642609,0,0.99571,1.99081,0.00662803,0.973235,1.99359,0,-0.0224749,0.0027788,-0.00662803,-0.0179493,0.0420791,0.030726,-0.999978,0.00662798,0,-3.11226e-16,2.06285e-18,0,0.982493,1.99737,0.00662803,0.96,2,0,-1,-1.38778e-15,0,-3.11233e-16,0,0,1,138,1.13687e-13,
5.56,1,-1.06208,-0.0319197,-0.166798,-0.433814,0.0460595,0.0109259,0.546915,0.0464425,0.0109259,-0.980729,-0.000383015,0,0.897868,1.99421,-0.000395048,0.91921,2.00036,0,0.0213423,0.0061525,0.000395048,1.09543,0.0843426,0.175577,-1,-0.000395048,0,1.39901e-16,5.52675e-20,0,0.898655,1.99386,-0.000395048,0.92,2,0,-1,-1.38778e-15,0,1.39901e-16,0,0,1,139,1.13687e-13,
5.6,1,-0.996611,0.0512394,0.294091,-0.852638,0.0357468,0.0184471,0.128086,0.0391088,0.0184471,-0.980723,-0.00336201,0,0.850751,1.99579,-0.00346764,0.873059,2.00304,0,0.0223083,0.00724693,0.00346764,0.0241486,0.0273607,0.0768149,-0.999994,-0.00346764,0,1.49703e-16,5.1912e-19,0,0.857667,1.99283,-0.00346764,0.88,2,0,-1,-1.38778e-15,0,1.49704e-16,0,0,1,140,1.13687e-13,
5.64,1,-0.992246,-0.0856791,-0.460889,-0.807238,0.0347704,0.0542439,0.173435,0.0451968,0.0542439,-0.980672,-0.0104263,0,0.792525,2.00047,-0.0107541,0.818444,2.00892,0,0.0259188,0.00844911,0.0107541,0.0902643,0.0300545,0.182161,-0.999942,-0.0107539,0,-3.13389e-16,-3.37034e-18,0,0.813992,1.99183,-0.0107541,0.84,2,0,-1,-1.38778e-15,0,-3.13407e-16,0,0,1,141,1.13687e-13,
5.68,1,-0.852575,-0.0403196,-0.144851,-0.788106,0.0337769,0.113283,0.192356,0.0563727,0.113283,-0.980463,-0.0225958,0,0.723659,2.00788,-0.0233078,0.753171,2.0181,0,0.0295122,0.0102187,0.0233078,0.089833,0.0442408,0.313844,-0.999728,-0.0233057,0,1.38102e-16,3.21945e-18,0,0.770258,1.99047,-0.0233078,0.8,2,0,-1,-1.38778e-15,0,1.3814e-16,0,0,1,142,1.13687e-13,
5.72,1,-1.01116,-0.0327596,-0.263365,-0.935353,0.0025158,0.0407339,0.0452924,0.0151975,0.0407339,-0.980645,-0.0126817,0,0.711596,2.00271,-0.0130805,0.733775,2.00977,0,0.0221792,0.00705801,0.0130805,-0.183324,-0.0790182,-0.255684,-0.999914,-0.0130801,0,1.483e-16,1.93995e-18,0,0.73773,1.99323,-0.0130805,0.76,2,0,-1,-1.38778e-15,0,1.48313e-16,0,0,1,143,1.13687e-13,
5.76,1,-0.891858,0.0529194,0.263365,-0.89952,0.00960308,0.0667447,0.0810928,0.0244975,0.0667447,-0.980613,-0.0148944,0,0.669428,2.00455,-0.015363,0.68919,2.01082,0,0.0197626,0.00627573,0.015363,-0.0604166,-0.0195572,0.0570625,-0.999882,-0.0153624,0,-3.14435e-16,-4.83104e-18,0,0.700143,1.99403,-0.015363,0.72,2,0,-1,-1.38778e-15,0,-3.14472e-16,0,0,1,144,1.13687e-13,
5.8,1,-0.835117,-0.0571194,-0.311649,-0.930373,0.0108696,0.0908599,0.0501536,0.0305722,0.0908599,-0.980526,-0.0197026,0,0.623061,2.00695,-0.020323,0.639216,2.01341,0,0.0161557,0.0064596,0.020323,-0.0901708,0.00459674,0.124001,-0.999793,-0.0203216,0,1.37329e-16,2.79133e-18,0,0.663716,1.99387,-0.020323,0.68,2,0,-1,-1.38778e-15,0,1.37357e-16,0,0,1,145,1.13687e-13,
5.84,1,-0.926776,0.00251996,-4.22127e-08,-0.874937,0.00538856,0.145772,0.105304,0.0359821,0.145772,-0.980241,-0.0305935,0,0.559136,2.0121,-0.03156,0.576572,2.0192,0,0.0174357,0.00710051,0.03156,0.032,0.0160228,0.280923,-0.999502,-0.0315547,0,1.30662e-16,4.12507e-18,0,0.622349,1.99345,-0.03156,0.64,2,0,-1,-1.38778e-15,0,1.30728e-16,0,0,1,146,1.13687e-13,
5.88,1,-0.929685,-0.0209998,-0.0833991,-1.02337,-0.0201292,0.0533532,-0.0427906,-0.00327743,0.0533532,-0.980581,-0.0168518,0,0.556617,2.00661,-0.0173821,0.565147,2.01013,0,0.00852994,0.0035198,0.0173821,-0.222645,-0.0895176,-0.354446,-0.999849,-0.0173812,0,-3.46504e-16,-6.02358e-18,0,0.59141,1.99663,-0.0173821,0.6,2,0,-1,-1.38778e-15,0,-3.46556e-16,0,0,1,147,1.13687e-13,
5.92,1,-0.929685,-0.0209998,-0.0833991,-1.54345,-0.00768465,0.0721018,-0.562867,0.00916715,0.0721018,-0.980581,-0.0168518,0,0.556617,2.00661,-0.0173821,0.525153,2.00943,0,-0.031464,0.00282455,0.0173821,-0.999849,-0.0173812,0,-0.999849,-0.0173812,0,1.86607e-16,3.24396e-18,0,0.59141,1.99663,-0.0173821,0.56,2,0,-1,-1.38778e-15,0,1.86636e-16,0,0,1,148,1.13687e-13,
5.96,1,-0.955874,0.0428395,0.144851,-1.19766,-0.039259,0.0615365,-0.242313,-0.000108831,0.0615365,-0.955347,-0.0391502,0,0.525443,2.00628,-0.0154508,0.489038,2.0078,0,-0.036405,0.00151972,0.0154508,-0.123525,-0.0326209,-0.0482837,-0.974497,-0.0400609,0,0.00311707,-0.00302221,0,0.556377,1.99792,-0.0154508,0.52,2,0,-0.975,-0.025,0,0.00307001,-0.00307001,0,1,149,1.13687e-13,
6,1,-0.826387,0.0604793,0.355543,-1.17759,-0.0779709,0.0585677,-0.269078,0.00516243,0.0585677,-0.908511,-0.0831333,0,0.492448,2.00538,-0.0144412,0.451069,2.00672,0,-0.0413797,0.00134004,0.0144412,-0.124367,-0.00449199,-0.0252392,-0.927443,-0.0848303,0,0.00891309,-0.0086593,0,0.521356,1.99806,-0.0144412,0.48,2,0,-0.928571,-0.0714286,0,0.00878711,-0.00878711,0,1,150,1.13687e-13,
6.04,1,-0.839481,-0.0512395,-0.201914,-1.12256,-0.14478,0.0591824,-0.278938,0.000469435,0.0591824,-0.843618,-0.145249,0,0.456602,2.00532,-0.0143095,0.411337,2.00609,0,-0.0452646,0.000773126,0.0143095,-0.0971235,-0.0141728,-0.00329207,-0.862255,-0.148067,0,0.0169978,-0.0165182,0,0.485249,1.99858,-0.0143095,0.44,2,0,-0.864286,-0.135714,0,0.0167597,-0.0167597,0,1,151,1.13687e-13,
6.08,1,-1.10427,-0.0562794,-0.0570625,-0.345086,-0.211563,0.0334235,0.420245,0.00617673,0.0334235,-0.765331,-0.21774,0,0.382659,2.0027,-0.00956894,0.380844,2.00374,0,-0.00181457,0.00103695,0.00956894,1.08625,0.00659558,-0.118514,-0.783628,-0.221794,0,0.0268812,-0.0263716,0,0.401805,1.99895,-0.00956894,0.4,2,0,-0.785714,-0.214286,0,0.0266276,-0.0266276,0,1,152,1.13687e-13,
6.12,1,-0.986427,0.0604793,0.395048,-0.683006,-0.295273,0.0238444,-0.00655476,0.00742215,0.0238444,-0.676452,-0.302695,0,0.34826,2.00105,-0.00667192,0.346648,2.00236,0,-0.00161161,0.00130452,0.00667192,0.00507407,0.00668929,-0.0724255,-0.694388,-0.308211,0,0.0383149,-0.037807,0,0.361603,1.99868,-0.00667192,0.36,2,0,-0.696429,-0.303571,0,0.0380618,-0.0380618,0,1,153,1.13687e-13,
6.16,1,-1.12755,-0.0428395,0.184356,-0.521927,-0.376276,0.0315174,0.0575227,0.0209799,0.0315174,-0.57945,-0.397256,0,0.302509,1.9995,-0.00737423,0.305243,2.00231,0,0.00273412,0.002806,0.00737423,0.108643,0.037537,0.0175577,-0.597034,-0.404414,0,0.0511377,-0.050389,0,0.317245,1.99721,-0.00737423,0.32,2,0,-0.6,-0.4,0,0.0507648,-0.0507648,0,1,154,1.13687e-13,
6.2,1,-0.731818,-0.094919,-0.0877885,-0.48139,-0.457935,0.00393526,6.31949e-05,0.0346337,0.00393526,-0.481454,-0.492568,0,0.273212,1.99571,-0.00250197,0.274995,2.00069,0,0.00178299,0.00498574,0.00250197,-0.0237781,0.0544935,-0.121807,-0.498747,-0.501249,0,0.0646313,-0.0643086,0,0.278205,1.99502,-0.00250197,0.28,2,0,-0.5,-0.5,0,0.0644701,-0.0644701,0,1,155,1.13687e-13,
6.24,1,-0.86567,-0.152038,-0.280923,-0.45691,-0.53407,0.0132597,-0.0758143,0.0568877,0.0132597,-0.381095,-0.590957,0,0.237767,1.99232,-0.0030287,0.233942,2.00072,0,-0.00382545,0.00839349,0.0030287,-0.140211,0.0851938,0.0131683,-0.398181,-0.601209,0,0.0791818,-0.0787036,0,0.2438,1.99159,-0.0030287,0.24,2,0,-0.4,-0.6,0,0.078943,-0.078943,0,1,156,1.13687e-13,
6.28,1,-0.871489,-0.173878,0.171187,-0.375699,-0.589665,-0.015771,-0.087656,0.0945622,-0.015771,-0.288043,-0.684227,0,0.212554,1.98556,0.00215082,0.204301,1.99957,0,-0.00825305,0.0140096,-0.00215082,-0.11069,0.140402,-0.129488,-0.305069,-0.695774,0,0.0937775,-0.0941817,0,0.208283,1.98601,0.00215082,0.2,2,0,-0.303571,-0.696429,0,0.0939798,-0.0939798,0,1,157,1.13687e-13,
6.32,1,-0.727453,-0.162958,0.30726,-0.388218,-0.636732,-0.0120432,-0.188935,0.135718,-0.0120432,-0.199283,-0.77245,0,0.183236,1.97839,0.00272144,0.165442,1.99956,0,-0.0177937,0.0211706,-0.00272144,-0.238516,0.179027,-0.0142656,-0.216423,-0.785128,0,0.10911,-0.109706,0,0.177851,1.97888,0.00272144,0.16,2,0,-0.214286,-0.785714,0,0.109408,-0.109408,0,1,158,1.13687e-13,
6.36,1,-0.568869,-0.330116,0.342375,-0.299628,-0.62086,0.0163252,-0.183404,0.230186,0.0163252,-0.116223,-0.851046,0,0.138984,1.96577,-0.00232639,0.115347,2.00027,0,-0.0236372,0.0345029,0.00232639,-0.146088,0.333307,0.126196,-0.133703,-0.864599,0,0.125378,-0.124796,0,0.143557,1.96544,-0.00232639,0.12,2,0,-0.135714,-0.864286,0,0.125087,-0.125087,0,1,159,1.13687e-13,
6.4,1,-0.568869,-0.330116,0.342375,-0.785014,-0.757798,0.00964998,-0.733869,0.157047,0.00964998,-0.0511452,-0.914845,0,0.138984,1.96577,-0.00232639,0.075347,2.00018,0,-0.0636371,0.0344099,0.00232639,-0.999997,-0.00232639,0,-0.0692682,-0.928735,0,0.141234,-0.140579,0,0.143557,1.96544,-0.00232639,0.08,2,0,-0.0714286,-0.928571,0,0.140907,-0.140907,0,1,160,1.13687e-13,
6.44,1,-0.679441,-0.299877,-0.158019,-0.600238,-0.71224,-0.042216,-0.587383,0.249038,-0.042216,-0.0128557,-0.961278,0,0.134337,1.9561,0.00715476,0.0543084,1.99966,0,-0.0800286,0.0435634,-0.00715476,-0.409786,0.228837,-0.237029,-0.0319752,-0.974796,0,0.155664,-0.157907,0,0.120338,1.95701,0.00715476,0.04,2,0,-0.025,-0.975,0,0.15679,-0.15679,0,1,161,1.13687e-13,
6.48,1,-0.577598,-0.362036,-0.219471,-0.673081,-0.628356,-0.0272771,-0.666495,0.341161,-0.0272771,-0.00658635,-0.969517,0,0.109327,1.94221,0.00671582,0.0134315,1.99995,0,-0.0958953,0.0577407,-0.00671582,-0.396669,0.354434,0.0109736,-0.00671577,-0.999977,0,1.01078e-18,1.50505e-16,0,0.0962809,1.9429,0.00671582,2.78452e-31,2,0,6.12323e-17,-1,0,-8.14131e-33,1.50508e-16,0,1,162,1.13687e-13,
6.52,1,-0.651798,-0.411596,0.166798,0.232133,-0.762405,0.0746739,0.220338,0.207064,0.0746739,0.011795,-0.969469,0,0.0243286,1.90785,-0.012027,-0.0235724,1.95986,0,-0.047901,0.0520065,0.012027,1.19986,-0.143355,0.468571,0.0120267,-0.999928,0,-1.90424e-18,1.58322e-16,0,0.047272,1.90742,-0.012027,2.44929e-18,1.96,0,6.12323e-17,-1,0,3.34853e-32,1.58334e-16,0,1,163,1.13687e-13,
6.56,1,-0.549955,-0.640073,0.447721,0.030219,-0.921387,-0.0795363,0.0416266,0.0480866,-0.0795363,-0.0114076,-0.969473,0,0.0507603,1.88688,0.011632,0.0223329,1.91987,0,-0.0284274,0.0329932,-0.011632,0.486839,-0.475334,-0.591475,-0.0116317,-0.999932,0,2.10869e-18,1.81276e-16,0,0.0288093,1.88734,0.011632,4.89859e-18,1.92,0,6.12323e-17,-1,0,-1.00243e-32,1.81288e-16,0,1,164,1.13687e-13,
6.6,1,-0.586327,-0.430915,-0.421385,0.150612,-0.994542,-0.0705811,0.166023,-0.0251224,-0.0705811,-0.0154107,-0.969419,0,0.0371189,1.8644,0.0157141,0.0295414,1.87977,0,-0.00757756,0.0153652,-0.0157141,0.521246,-0.440699,-0.102054,-0.0157135,-0.999877,0,-1.19152e-17,-7.58187e-16,0,0.00781806,1.86476,0.0157141,7.34788e-18,1.88,0,6.12323e-17,-1,0,-1.42603e-32,-7.5828e-16,0,1,165,1.13687e-13,
6.64,1,-0.161495,-0.590514,0.219471,0.225724,-1.08177,-0.0517362,0.238724,-0.112314,-0.0517362,-0.0130002,-0.969454,0,0.0136222,1.84275,0.0132561,0.0243904,1.83984,0,0.0107683,-0.00291098,-0.0132561,0.458645,-0.456905,0.0614519,-0.0132557,-0.999912,0,1.69312e-18,1.27717e-16,0,-0.0108059,1.84277,0.0132561,9.79717e-18,1.84,0,6.12323e-17,-1,0,1.56208e-31,1.27728e-16,0,1,166,1.13687e-13,
6.68,1,-0.334629,-0.708952,-0.346764,0.318287,-1.12035,0.0557088,0.311442,-0.150837,0.0557088,0.00684463,-0.969515,0,-0.0400485,1.81663,-0.00697918,-0.0125624,1.79996,0,0.0274861,-0.0166691,0.00697918,0.417946,-0.343952,0.505881,0.00697913,-0.999976,0,-9.80025e-19,1.40419e-16,0,-0.0273691,1.81686,-0.00697918,1.22465e-17,1.8,0,6.12323e-17,-1,0,4.22306e-32,1.40422e-16,0,1,167,1.13687e-13,
6.72,1,-0.276432,-0.708952,0.179966,0.284016,-1.21359,-0.0382838,0.289225,-0.244062,-0.0382838,-0.00520883,-0.969525,0,-0.0275541,1.79343,0.0053112,0.00934767,1.75998,0,0.0369018,-0.0334518,-0.0053112,0.235393,-0.41957,-0.30726,-0.00531118,-0.999986,0,7.99377e-19,1.50506e-16,0,-0.037079,1.79326,0.0053112,1.46958e-17,1.76,0,6.12323e-17,-1,0,3.5267e-32,1.50508e-16,0,1,168,1.13687e-13,
6.76,1,-0.194957,-0.656873,-0.324817,0.311614,-1.24072,-0.0131466,0.31523,-0.271188,-0.0131466,-0.00361605,-0.969532,0,-0.038396,1.76525,0.00368712,0.00634182,1.71999,0,0.0447378,-0.0452603,-0.00368712,0.195901,-0.295212,0.0406022,-0.00368711,-0.999993,0,5.83794e-19,1.58333e-16,0,-0.0449044,1.7651,0.00368712,1.71451e-17,1.72,0,6.12323e-17,-1,0,-3.90685e-31,1.58334e-16,0,1,169,1.13687e-13,
6.8,1,-0.0742002,-0.788751,-0.171188,0.295426,-1.25018,-0.0347441,0.302529,-0.28067,-0.0347441,-0.00710292,-0.969514,0,-0.0368335,1.73256,0.00724255,0.0121674,1.67996,0,0.0490008,-0.052608,-0.00724255,0.106575,-0.183693,-0.0888858,-0.00724249,-0.999974,0,1.31298e-18,1.81283e-16,0,-0.0493806,1.73225,0.00724255,1.95943e-17,1.68,0,6.12323e-17,-1,0,3.17954e-33,1.81288e-16,0,1,170,1.42109e-13,
6.84,1,-0.0742002,-0.788751,-0.171188,0.248844,-1.61017,-0.0300424,0.255947,-0.640654,-0.0300424,-0.00710292,-0.969514,0,-0.0368335,1.73256,0.00724255,0.0118777,1.63996,0,0.0487111,-0.092607,-0.00724255,-0.00724249,-0.999974,0,-0.00724249,-0.999974,0,-5.49183e-18,-7.58261e-16,0,-0.0493806,1.73225,0.00724255,2.20436e-17,1.64,0,6.12323e-17,-1,0,2.21651e-32,-7.5828e-16,0,1,171,1.42109e-13,
6.88,1,-0.0189138,-0.94667,-0.0482836,0.332421,-1.42571,0.0138996,0.331646,-0.456174,0.0138996,0.00077487,-0.969539,0,-0.0547647,1.69582,-0.000790096,-0.00126415,1.6,0,0.0535006,-0.0958244,0.000790096,0.119736,-0.0804355,0.200816,0.000790096,-1,0,-1.00917e-19,1.27728e-16,0,-0.0534248,1.69587,-0.000790096,2.44929e-17,1.6,0,6.12323e-17,-1,0,1.55864e-32,1.27728e-16,0,1,172,1.42109e-13,
6.92,1,0.167314,-1.13315,0.386269,0.230487,-1.40746,0.0328122,0.224417,-0.437935,0.0328122,0.00606978,-0.96952,0,-0.0592203,1.65571,-0.00618909,-0.00965491,1.55997,0,0.0495654,-0.0957431,0.00618909,-0.0983802,0.0020332,0.134975,0.00618905,-0.999981,0,-3.94449e-19,6.37322e-17,0,-0.0489719,1.65605,-0.00618909,2.69422e-17,1.56,0,6.12323e-17,-1,0,3.32699e-32,6.37335e-17,0,1,173,1.42109e-13,
6.96,1,0.0611061,-1.06007,-0.53551,0.145906,-1.0201,-0.0470839,0.152879,-0.0505832,-0.0470839,-0.00697377,-0.969515,0,-0.0314924,1.57691,0.00711087,0.0108084,1.51996,0,0.0423008,-0.0569435,-0.00711087,-0.181614,0.969989,-0.332499,-0.00711081,-0.999975,0,5.47174e-20,7.69477e-18,0,-0.0427047,1.57664,0.00711087,2.93915e-17,1.52,0,6.12323e-17,-1,0,2.429e-32,7.69497e-18,0,1,174,1.42109e-13,
7,1,0.218236,-1.10543,-0.403827,0.103496,-1.1159,-0.109216,0.12476,-0.146593,-0.109216,-0.0212642,-0.969311,0,-0.00363591,1.52518,0.0216838,0.0320894,1.47965,0,0.0357253,-0.0455243,-0.0216838,-0.164387,0.28548,-0.364322,-0.0216821,-0.999765,0,-7.00362e-19,-3.22939e-17,0,-0.036704,1.52474,0.0216838,3.18408e-17,1.48,0,6.12323e-17,-1,0,2.71377e-32,-3.23015e-17,0,1,175,1.42109e-13,
7.04,1,0.146946,-1.23731,-0.0921778,0.0875951,-1.03471,0.0301151,0.0873368,-0.0651665,0.0301151,0.00025829,-0.969539,0,-0.0293656,1.47119,-0.000263365,-0.000379246,1.44,0,0.0289864,-0.0311894,0.000263365,-0.168474,0.358373,0.548678,0.000263365,-1,0,1.74836e-20,-6.63854e-17,0,-0.0289782,1.4712,-0.000263365,3.42901e-17,1.44,0,6.12323e-17,-1,0,2.93917e-32,-6.63854e-17,0,1,176,1.42109e-13,
7.08,1,0.0756552,-1.16927,0.197524,0.0546234,-1.08044,-0.0920743,0.0710671,-0.111035,-0.0920743,-0.0164437,-0.969403,0,-5.8528e-05,1.42781,0.0167676,0.0234735,1.3998,0,0.0235321,-0.0280107,-0.0167676,-0.136358,0.0794675,-0.425774,-0.0167668,-0.999859,0,-1.76641e-17,-1.05337e-15,0,-0.0239984,1.42761,0.0167676,3.67394e-17,1.4,0,6.12323e-17,-1,0,3.11197e-32,-1.05352e-15,0,1,177,1.42109e-13,
7.12,1,0.174589,-1.06007,-0.469668,0.00890692,-1.03072,-0.0469814,0.0213045,-0.0612548,-0.0469814,-0.0123976,-0.969462,0,0.00048093,1.3812,0.0126415,0.017192,1.35989,0,0.0167111,-0.0213075,-0.0126415,-0.170524,0.16758,0.103151,-0.0126412,-0.99992,0,-2.50219e-18,-1.97923e-16,0,-0.0169791,1.38109,0.0126415,3.91887e-17,1.36,0,6.12323e-17,-1,0,5.89959e-32,-1.97939e-16,0,1,178,1.42109e-13,
7.16,1,0.0960239,-1.19615,-0.061452,-0.0139907,-0.990684,-0.0529179,-0.00150699,-0.0212234,-0.0529179,-0.0124837,-0.969461,0,0.00602899,1.33356,0.0127293,0.0168023,1.31989,0,0.0107733,-0.0136698,-0.0127293,-0.148446,0.190941,-0.00219471,-0.012729,-0.999919,0,-2.66178e-18,-2.09095e-16,0,-0.0109464,1.33353,0.0127293,4.1638e-17,1.32,0,6.12323e-17,-1,0,3.5717e-32,-2.09112e-16,0,1,179,1.42109e-13,
7.2,1,0.113483,-1.18439,-0.131683,-0.00795433,-0.935744,0.0852675,-0.0202228,0.033719,0.0852675,0.0122685,-0.969463,0,-0.0216915,1.28393,-0.0125099,-0.0160122,1.2799,0,0.00567934,-0.00403393,0.0125099,-0.127348,0.240898,0.63098,0.0125095,-0.999922,0,2.71596e-18,-2.17094e-16,0,-0.00562843,1.2841,-0.0125099,4.40873e-17,1.28,0,6.12323e-17,-1,0,3.62745e-32,-2.17111e-16,0,1,180,1.42109e-13,
7.24,1,0.126577,-1.24907,0.0702308,-0.0225211,-0.963713,-0.0441568,-0.0175705,0.00581335,-0.0441568,-0.00495054,-0.969527,0,0.00371969,1.24159,0.00504784,0.00625929,1.23998,0,0.0025396,-0.00160432,-0.00504784,-0.0784935,0.0607403,-0.438942,-0.00504782,-0.999987,0,-1.07948e-18,-2.13848e-16,0,-0.00254767,1.24159,0.00504784,4.65366e-17,1.24,0,6.12323e-17,-1,0,3.65834e-32,-2.13851e-16,0,1,181,1.42109e-13,
7.28,1,0.0145491,-1.08527,0.215082,-0.0405099,-0.93864,0.00619497,-0.0404238,0.0308992,0.00619497,-8.60967e-05,-0.969539,0,0.0011113,1.19778,8.77885e-05,0.000105346,1.2,0,-0.00100595,0.00222217,-8.77885e-05,-0.0886389,0.0956623,0.124001,-8.77885e-05,-1,0,-1.83881e-20,-2.0946e-16,0,0.00100615,1.19778,8.77885e-05,4.89859e-17,1.2,0,6.12323e-17,-1,0,3.57701e-32,-2.0946e-16,0,1,182,1.42109e-13,
7.32,1,0.0145491,-1.08527,0.215082,-0.00548434,-1.35915,-0.00036415,-0.00539825,-0.389616,-0.00036415,-8.60967e-05,-0.969539,0,0.0011113,1.19778,8.77885e-05,0.000101835,1.16,0,-0.00100946,-0.0377778,-8.77885e-05,-8.77885e-05,-1,0,-8.77885e-05,-1,0,-1.02089e-19,-1.1629e-15,0,0.00100615,1.19778,8.77885e-05,5.14352e-17,1.16,0,6.12323e-17,-1,0,-3.90725e-31,-1.1629e-15,0,1,183,1.42109e-13,
7.36,1,0.0683806,-0.981949,-0.443332,-0.0562442,-1.10409,0.0313317,-0.0618405,-0.134563,0.0313317,0.00559625,-0.969523,0,-0.00166762,1.15392,-0.00570625,-0.00639097,1.11998,0,-0.00472334,-0.0339349,0.00570625,-0.0928469,0.0960724,0.144851,0.00570622,-0.999984,0,1.58867e-18,-2.78405e-16,0,0.0049169,1.15391,-0.00570625,5.38845e-17,1.12,0,6.12323e-17,-1,0,2.17005e-32,-2.7841e-16,0,1,184,1.42109e-13,
7.4,1,0.0843846,-1.09703,-0.175577,-0.000237981,-1.07187,0.0676118,-0.013698,-0.103401,0.0676118,0.01346,-0.968466,0,-0.0108637,1.10863,-0.0137389,-0.0148375,1.0799,0,-0.00397381,-0.0287346,0.0137389,0.0187383,0.130008,0.200816,0.0137247,-0.998906,0,-1.68709e-06,0.000122789,0,0.00436821,1.10868,-0.0137389,5.63338e-17,1.08,0,6.11711e-17,-0.999,0,-7.51935e-21,0.0001228,0,1,185,1.42109e-13,
7.44,1,-0.0247334,-1.21379,0.452111,-0.0935519,-0.661747,0.0327374,-0.102642,0.303962,0.0327374,0.00909039,-0.965709,0,-0.000342604,1.02511,-0.00930558,-0.00967766,1.03995,0,-0.00933506,0.0148411,0.00930558,-0.134031,1.08939,-0.110833,0.00926955,-0.9961,0,-4.41343e-06,0.000474264,0,0.00919655,1.02507,-0.00930558,5.8783e-17,1.04,0,6.09962e-17,-0.996143,0,-2.90416e-20,0.000474285,0,1,186,1.42109e-13,
7.48,1,0.0276432,-0.91307,-0.517952,-0.0588759,-0.828611,0.0337975,-0.0670632,0.131774,0.0337975,0.00818729,-0.960385,0,0.00205588,0.978738,-0.00842769,-0.00842759,0.999964,0,-0.0104835,0.0212266,0.00842769,-0.0287104,0.159638,-0.0219471,0.00834934,-0.990679,0,-9.64685e-06,0.00114463,0,0.0103042,0.978686,-0.00842769,6.12323e-17,1,0,6.06638e-17,-0.990714,0,-7.00911e-20,0.00114467,0,1,187,1.42109e-13,
7.52,1,0.0203687,-1.10039,0.0307259,0.0178475,-0.798165,0.0810616,0.00161728,0.153699,0.0810616,0.0162302,-0.951864,0,-0.00946613,0.932983,-0.0168554,-0.0161804,0.959864,0,-0.00671428,0.0268805,0.0168554,0.0942299,0.141349,0.210692,0.0165536,-0.982003,0,-3.72449e-05,0.00220946,0,0.00626026,0.93301,-0.0168554,6.36816e-17,0.96,0,6.01389e-17,-0.982143,0,-1.3531e-19,0.00220978,0,1,188,1.42109e-13,
7.56,1,-0.0581963,-1.04663,0.00877884,-0.0633451,-0.764043,0.0984912,-0.0843373,0.175799,0.0984912,0.0209922,-0.939841,0,-0.0103965,0.88762,-0.0220788,-0.0203108,0.919776,0,-0.00991431,0.0321555,0.0220788,-0.0800007,0.131874,0.130585,0.0214147,-0.969764,0,-8.23969e-05,0.00373134,0,0.00920199,0.887633,-0.0220788,6.61309e-17,0.92,0,5.93954e-17,-0.97,0,-2.28534e-19,0.00373225,0,1,189,1.42109e-13,
7.6,1,-0.0101843,-0.968509,-0.0438942,-0.0182801,-0.825725,0.0128243,-0.0254617,0.0985977,0.0128243,0.00718159,-0.924323,0,0.00136501,0.852684,-0.00768149,-0.00675965,0.879974,0,-0.00812466,0.0272898,0.00768149,0.0447412,-0.121643,-0.359933,0.00732807,-0.953972,0,-4.42668e-05,0.00576267,0,0.0079148,0.852649,-0.00768149,6.85802e-17,0.88,0,5.84157e-17,-0.954,0,-3.52872e-19,0.00576284,0,1,190,1.42109e-13,
7.64,1,-0.0581963,-0.982789,0.223861,-0.0240419,-0.796319,0.0313829,-0.0309902,0.10835,0.0313829,0.00694824,-0.904669,0,0.000945202,0.814347,-0.0075937,-0.00637865,0.839976,0,-0.00732385,0.0256288,0.0075937,0.0200202,-0.0415238,-0.00219471,0.00709245,-0.933973,0,-6.33434e-05,0.00834141,0,0.00712902,0.814316,-0.0075937,7.10295e-17,0.84,0,5.7191e-17,-0.934,0,-5.10779e-19,0.00834165,0,1,191,1.42109e-13,
7.68,1,-0.0189138,-0.805551,-0.37749,0.0255402,-0.777007,0.0891279,0.00938698,0.103951,0.0891279,0.0161532,-0.880958,0,-0.0103542,0.77558,-0.0181283,-0.0145019,0.799869,0,-0.00414767,0.0242886,0.0181283,0.0794044,-0.0335051,0.263365,0.0164959,-0.90985,0,-0.000208453,0.0114975,0,0.0037067,0.77564,-0.0181283,7.34788e-17,0.8,0,5.57214e-17,-0.91,0,-7.04133e-19,0.0114994,0,1,192,1.42109e-13,
7.72,1,-0.0436472,-0.95591,-0.0175578,-0.0100624,-0.752182,0.0977684,-0.0292737,0.101316,0.0977684,0.0192113,-0.853498,0,-0.0122884,0.736513,-0.0222544,-0.0169119,0.759812,0,-0.00462352,0.0232988,0.0222544,-0.0118962,-0.0247467,0.103151,0.0196299,-0.881924,0,-0.000339542,0.0152548,0,0.00410392,0.736604,-0.0222544,7.59281e-17,0.76,0,5.40157e-17,-0.882143,0,-9.34317e-19,0.0152586,0,1,193,1.42109e-13,
7.76,1,-0.0436472,-0.95591,-0.0175578,0.00748383,-1.1156,0.0923121,-0.01103,-0.293014,0.0923121,0.0185138,-0.822586,0,-0.0122884,0.736513,-0.0222544,-0.0160218,0.719822,0,-0.00373342,-0.0166913,0.0222544,0.0222525,-0.999752,0,0.0189306,-0.850504,0,-0.000436926,0.01963,0,0.00410392,0.736604,-0.0222544,7.83774e-17,0.72,0,5.20912e-17,-0.850714,0,-1.20229e-18,0.0196349,0,1,194,1.42109e-13,
7.8,1,0.0436472,-0.860151,0.114125,-0.00957407,-0.94333,-0.00253546,-0.0134946,-0.154581,-0.00253546,0.00392055,-0.788749,0,-2.65869e-05,0.704503,-0.00491615,-0.00334297,0.679992,0,-0.00331638,-0.0245112,0.00491615,0.0104259,-0.195496,-0.433456,0.00401227,-0.816133,0,-0.000121126,0.0246381,0,0.00343684,0.704495,-0.00491615,8.08267e-17,0.68,0,4.99743e-17,-0.816143,0,-1.50867e-18,0.0246384,0,1,195,1.42109e-13,
7.84,1,-0.0712904,-0.87107,0.215082,0.0122667,-0.915542,0.0271158,0.00759401,-0.163386,0.0271158,0.00467271,-0.752156,0,-0.00227461,0.669618,-0.00614519,-0.0039329,0.639988,0,-0.00165829,-0.0296296,0.00614519,0.0414524,-0.127962,0.030726,0.00478708,-0.778985,0,-0.000186042,0.0302741,0,0.00184034,0.669619,-0.00614519,8.3276e-17,0.64,0,4.77e-17,-0.779,0,-1.85379e-18,0.0302747,0,1,196,1.42109e-13,
7.88,1,-0.0203687,-0.750952,-0.289702,0.051026,-0.897158,0.0720739,0.0404502,-0.183519,0.0720739,0.0105758,-0.713639,0,-0.0103772,0.634353,-0.0146607,-0.00879609,0.599936,0,0.00158107,-0.0344177,0.0146607,0.0809841,-0.119701,0.212887,0.0108485,-0.73992,0,-0.000535773,0.0365423,0,-0.00107633,0.634437,-0.0146607,8.57253e-17,0.6,0,4.53119e-17,-0.74,0,-2.23781e-18,0.0365462,0,1,197,1.42109e-13,
7.92,1,0.0101844,-0.92651,-0.0877884,-0.0164345,-0.531922,-0.0244296,-0.0158057,0.143011,-0.0244296,-0.000628806,-0.674933,0,0.000526908,0.564342,0.000921779,0.000516196,0.56,0,-1.07114e-05,-0.0043421,-0.000921779,-0.0397946,0.75189,-0.389561,-0.000645245,-0.7,0,3.36876e-05,0.0365462,0,6.70896e-06,0.564342,0.000921779,8.81746e-17,0.56,0,4.28626e-17,-0.7,0,-2.23781e-18,0.0365462,0,1,198,1.42109e-13,
7.96,1,0.00727452,-0.92819,0.100957,0.0103903,-0.690661,-0.0100667,0.0117167,-0.0545097,-0.0100667,-0.0013264,-0.636151,0,0.000312567,0.529406,0.00206303,0.00107608,0.521599,0,0.000763508,-0.00780679,-0.00206303,0.0193555,-0.0866172,-0.0285313,-0.0013616,-0.659999,0,7.53959e-05,0.0365462,0,-0.000779612,0.529405,0.00206303,9.05259e-17,0.5216,0,4.04133e-17,-0.66,0,-2.23781e-18,0.0365462,0,1,199,1.42109e-13,
8,1,-0.0523767,-0.88703,0.210692,0.00183945,-0.655454,-0.0181624,0.00414489,-0.0580874,-0.0181624,-0.00230543,-0.597366,0,0.00108204,0.494839,0.0038188,0.00185135,0.484796,0,0.000769308,-0.0100422,-0.0038188,0.000145005,-0.055886,-0.0438942,-0.00236765,-0.619995,0,0.000139562,0.036546,0,-0.000807652,0.494839,0.0038188,9.27792e-17,0.4848,0,3.79641e-17,-0.62,0,-2.23781e-18,0.0365462,0,1,200,1.42109e-13,
8.04,1,0.0101843,-0.738352,-0.184356,-0.00214339,-0.583575,0.0516333,-0.00695014,-0.0250062,0.0516333,0.00480675,-0.558569,0,-0.003872,0.457527,-0.00851548,-0.00382851,0.449584,0,4.34823e-05,-0.00794375,0.00851548,-0.0181456,0.0524621,0.308357,0.00493892,-0.579979,0,-0.000311205,0.0365449,0,2.41632e-05,0.457544,-0.00851548,9.49346e-17,0.4496,0,3.55148e-17,-0.58,0,-2.23781e-18,0.0365462,0,1,201,1.13687e-13,
8.08,1,0.00290981,-0.826551,-0.0395047,-0.0158729,-0.59544,-0.059525,-0.0112388,-0.0756526,-0.059525,-0.00463408,-0.519787,0,0.00438098,0.427858,0.00882274,0.00367021,0.415984,0,-0.000710763,-0.0118739,-0.00882274,-0.0188561,-0.0982537,-0.433456,-0.00476422,-0.539979,0,0.000322434,0.0365448,0,0.000605977,0.42788,0.00882274,9.6992e-17,0.416,0,3.30655e-17,-0.54,0,-2.23781e-18,0.0365462,0,1,202,8.52651e-14,
8.12,1,0.0407374,-0.759352,0.100957,-0.0043928,-0.533814,-0.0365971,-0.000104822,-0.0528065,-0.0365971,-0.00428798,-0.481007,0,0.00385721,0.395703,0.00882274,0.00338789,0.383985,0,-0.000469321,-0.0117178,-0.00882274,0.00603606,0.00390237,0,-0.00441131,-0.499981,0,0.000322434,0.0365448,0,0.000365921,0.395721,0.00882274,9.89515e-17,0.384,0,3.06162e-17,-0.5,0,-2.23781e-18,0.0365462,0,1,203,5.68434e-14,
8.16,1,-0.046557,-0.771112,0.197524,-0.00465744,-0.500002,-0.0293935,-0.00130389,-0.0577705,-0.0293935,-0.00335354,-0.442232,0,0.00304515,0.36572,0.00750591,0.00265407,0.35359,0,-0.000391087,-0.0121299,-0.00750591,0.00195586,-0.010302,0.0329207,-0.00345269,-0.459987,0,0.00027431,0.0365452,0,0.000300031,0.365732,0.00750591,1.00813e-16,0.3536,0,2.81669e-17,-0.46,0,-2.23781e-18,0.0365462,0,1,204,5.68434e-14,
8.2,1,0.00145491,-0.625793,-0.280923,0.0338258,-0.442243,0.0111263,0.0337367,-0.0402533,0.0111263,8.91204e-05,-0.40199,0,-0.00203534,0.335401,-0.000219471,-7.12842e-05,0.3248,0,0.00196405,-0.0106005,0.000219471,0.0588785,0.0382334,0.193135,9.18487e-05,-0.4185,0,-8.06127e-06,0.0367304,0,-0.00196173,0.335401,-0.000219471,1.02576e-16,0.3248,0,2.56257e-17,-0.4185,0,-2.24909e-18,0.0367304,0,1,205,2.84217e-14,
8.24,1,-0.016004,-0.602273,-0.289702,-0.016668,-0.349884,-0.0226214,-0.0151778,0.011567,-0.0226214,-0.00149024,-0.361451,0,0.000935099,0.302185,0.00408216,0.00121485,0.297598,0,0.00027975,-0.00458706,-0.00408216,-0.0421076,0.150337,-0.107541,-0.00153781,-0.376711,0,0.000150838,0.0369504,0,-0.000298472,0.302186,0.00408216,1.04242e-16,0.2976,0,2.30671e-17,-0.376714,0,-2.26258e-18,0.0369507,0,1,206,0,
8.28,1,-0.016004,-0.602273,-0.289702,-0.00159305,-0.638317,-0.016933,-0.000102811,-0.276866,-0.016933,-0.00149024,-0.361451,0,0.000935099,0.302185,0.00408216,0.00111035,0.271998,0,0.000175246,-0.0301868,-0.00408216,-0.00261258,-0.639995,0,-0.00153781,-0.376711,0,0.000150838,0.0369504,0,-0.000298472,0.302186,0.00408216,1.05809e-16,0.272,0,2.30671e-17,-0.376714,0,-2.26258e-18,0.0369507,0,1,206,1,
8.32,1,0.0145491,-0.668633,-0.0570625,-0.00833503,-0.496519,-0.0234162,-0.00662402,-0.174833,-0.0234162,-0.00171101,-0.321686,0,0.00162786,0.281847,0.00526731,0.00130629,0.247997,0,-0.000321573,-0.0338505,-0.00526731,-0.0124205,-0.0915919,-0.0296286,-0.0017683,-0.33571,0,0.000195298,0.037077,0,0.000143268,0.281852,0.00526731,1.07279e-16,0.248,0,2.05566e-17,-0.335714,0,-2.27034e-18,0.0370775,0,1,207,1,
8.36,1,0.0421923,-0.612353,0.0921779,0.00249924,-0.415566,-0.0187275,0.00384398,-0.13196,-0.0187275,-0.00134474,-0.283606,0,0.00101601,0.257144,0.00469668,0.00105957,0.225598,0,4.35589e-05,-0.0315463,-0.00469668,0.00912829,0.057605,0.0142656,-0.00139223,-0.296425,0,0.000173773,0.0369988,0,-0.000191721,0.257146,0.00469668,1.08651e-16,0.2256,0,1.8151e-17,-0.296429,0,-2.26555e-18,0.0369992,0,1,208,1,
8.4,1,-0.0218236,-0.578754,0.122904,0.033777,-0.352797,0.026381,0.0328542,-0.104816,0.026381,0.000922833,-0.247981,0,-0.00294392,0.23238,-0.00368712,-0.00075512,0.204799,0,0.0021888,-0.0275818,0.00368712,0.0536311,0.0991118,0.209595,0.000957331,-0.259641,0,-0.000135023,0.0366199,0,-0.00208709,0.23239,-0.00368712,1.09924e-16,0.2048,0,1.58985e-17,-0.259643,0,-2.24234e-18,0.0366202,0,1,209,1,
8.44,1,0,-0.561114,-0.0351154,-0.0219686,-0.0832437,-0.00871773,-0.021816,0.132199,-0.00871773,-0.000152669,-0.215443,0,0.000140894,0.18732,0.000702308,0.000130348,0.1856,0,-1.05459e-05,-0.0017196,-0.000702308,-0.0549837,0.646556,-0.109736,-0.000158722,-0.226,0,2.51847e-05,0.0358599,0,9.33821e-06,0.18732,0.000702308,1.111e-16,0.1856,0,1.38385e-17,-0.226,0,-2.19578e-18,0.0358599,0,1,210,1,
8.48,1,0.0247334,-0.514914,0.0482836,0.00556842,-0.163228,0.00429041,0.00545282,0.0232518,0.00429041,0.000115593,-0.18648,0,-0.000454951,0.166605,-0.000614519,-0.000103239,0.168,0,0.000351712,0.00139456,0.000614519,0.00905644,0.0778541,0.0329207,0.000120446,-0.196,0,-2.12941e-05,0.0346516,0,-0.000352569,0.166606,-0.000614519,1.12178e-16,0.168,0,1.20015e-17,-0.196,0,-2.1218e-18,0.0346516,0,1,211,1,
8.52,1,0.0116393,-0.472075,0.179966,0.016554,-0.111702,0.0284821,0.0156822,0.0497429,0.0284821,0.00087185,-0.161445,0,-0.00207404,0.146265,-0.0053551,-0.000813971,0.151998,0,0.00126007,0.0057326,0.0053551,0.0227091,0.108451,0.118514,0.000910362,-0.169998,0,-0.000176402,0.0329407,0,-0.00129075,0.146274,-0.0053551,1.13157e-16,0.152,0,1.04095e-17,-0.17,0,-2.01707e-18,0.0329412,0,1,212,1,
8.56,1,-0.0611061,-0.344396,0.0833991,-0.00454541,-0.0730913,0.0286964,-0.00547223,0.067462,0.0286964,0.000926814,-0.140553,0,-0.0013599,0.127741,-0.00654024,-0.000899931,0.137597,0,0.000459965,0.0098562,0.00654024,-0.0200027,0.10309,0.0296286,0.00096935,-0.148211,0,-0.00020069,0.030685,0,-0.000524416,0.127747,-0.00654024,1.14039e-16,0.1376,0,9.07551e-18,-0.148214,0,-1.87895e-18,0.0306857,0,1,213,1,
8.6,1,-0.0436472,-0.376316,0.0219471,0.00812012,-0.0665171,-0.0141715,0.0082462,0.0573625,-0.0141715,-0.000126079,-0.12388,0,-0.000715526,0.11372,0.00100957,0.000125994,0.1248,0,0.00084152,0.0110803,-0.00100957,0.00953887,0.0306017,-0.188745,-0.000131965,-0.130714,0,2.81186e-05,0.0278522,0,-0.000830333,0.113719,0.00100957,1.14823e-16,0.1248,0,8.00394e-18,-0.130714,0,-1.70545e-18,0.0278522,0,1,214,1,
8.64,1,0.00436472,-0.341876,0.00438942,0.00596589,-0.0298346,-0.00370749,0.00606937,0.0815159,-0.00370749,-0.000103482,-0.11135,0,-0.000841902,0.0994398,0.000921779,0.000104714,0.1136,0,0.000946616,0.0141602,-0.000921779,0.0026274,0.0769981,0.00219471,-0.000108243,-0.117429,0,2.25067e-05,0.0244166,0,-0.000933563,0.0994389,0.000921779,1.15509e-16,0.1136,0,7.19043e-18,-0.117429,0,-1.49508e-18,0.0244166,0,1,215,1,
8.68,1,-0.00581963,-0.292317,0.144851,0.0160605,-0.0117293,-0.00742539,0.0162243,0.0910335,-0.00742539,-0.000163769,-0.102763,0,-0.00151843,0.0872184,0.00158019,0.00016434,0.104,0,0.00168277,0.0167814,-0.00158019,0.0184039,0.0655313,-0.0164603,-0.000170886,-0.108143,0,3.21763e-05,0.0203623,0,-0.00165625,0.0872159,0.00158019,1.16097e-16,0.104,0,6.62184e-18,-0.108143,0,-1.24683e-18,0.0203623,0,1,216,1,
8.72,1,-0.00145491,-0.229318,0.0131683,0.00238712,-0.000813452,-0.00487386,0.00251271,0.0969582,-0.00487386,-0.000125589,-0.0977716,0,-0.00113786,0.0772053,0.00127293,0.000122202,0.0959999,0,0.00126006,0.0187947,-0.00127293,-0.0105678,0.0503303,0.00768149,-0.000130476,-0.1025,0,1.99583e-05,0.015679,0,-0.00123613,0.0772038,0.00127293,1.16586e-16,0.096,0,6.27631e-18,-0.1025,0,-9.6006e-19,0.015679,0,1,217,1,
8.76,1,0.00581963,-0.149518,0.114125,0.00630373,0.0385486,-0.0352952,0.00696667,0.1355,-0.0352952,-0.00066294,-0.0969517,0,-0.000656037,0.0682561,0.00675971,0.000621889,0.0919979,0,0.00127793,0.0237418,-0.00675971,0.000446695,0.12368,-0.137169,-0.000675966,-0.0999977,0,1.03138e-18,1.52575e-16,0,-0.00111741,0.0682501,0.00675971,1.16831e-16,0.092,0,6.12323e-18,-0.1,0,1.89455e-30,1.52579e-16,0,1,218,1,
8.8,1,0.00581963,-0.149518,0.114125,0.00571578,-0.0282239,-0.0280396,0.00637872,0.0687278,-0.0280396,-0.00066294,-0.0969517,0,-0.000656037,0.0682561,0.00675971,0.00059485,0.087998,0,0.00125089,0.0197419,-0.00675971,-0.000675966,-0.0999977,0,-0.000675966,-0.0999977,0,-2.99761e-18,-3.04397e-16,0,-0.00111741,0.0682501,0.00675971,1.17076e-16,0.088,0,-1.53081e-18,-0.1,0,-9.39919e-19,-3.0441e-16,0,1,219,1,
8.84,1,0.00290981,-0.125999,0.0658414,0.00416604,0.00189222,-0.0335623,0.00492799,0.0988432,-0.0335623,-0.000761948,-0.096951,0,-0.000485284,0.0634099,0.00776928,0.000652613,0.0839975,0,0.0011379,0.0205875,-0.00776928,-0.00282475,0.0211399,-0.0252392,-0.00077692,-0.099997,0,-1.87197e-18,1.05334e-16,0,-0.000977914,0.0634043,0.00776928,1.17321e-16,0.084,0,-1.57455e-17,-0.1,0,-2.69028e-18,1.05317e-16,0,1,220,1,
8.88,1,0.0101843,-0.091559,0.00877885,0.00117195,0.00392146,-0.0365495,0.00201139,0.100872,-0.0365495,-0.000839433,-0.0969504,0,-0.000187849,0.0587484,0.00855938,0.000684742,0.0799971,0,0.000872591,0.0212487,-0.00855938,-0.00663264,0.0165298,-0.0197524,-0.000855927,-0.0999963,0,-3.9566e-18,1.37247e-16,0,-0.000690686,0.0587446,0.00855938,1.17566e-16,0.08,0,-3.54273e-17,-0.1,0,-5.13119e-18,1.37208e-16,0,1,221,1,
8.92,1,-0.0130942,-0.091559,0.114125,0.00182838,-0.000266911,-0.0388663,0.00272807,0.0966829,-0.0388663,-0.000899698,-0.0969498,0,-4.99039e-05,0.0548089,0.0091739,0.000697206,0.0759968,0,0.00074711,0.0211879,-0.0091739,-0.00313702,-0.00152037,-0.015363,-0.000917377,-0.0999958,0,-5.96122e-18,2.38875e-16,0,-0.000552706,0.0548061,0.0091739,1.17811e-16,0.076,0,-5.94828e-17,-0.1,0,-8.15236e-18,2.3881e-16,0,1,222,1,
8.96,1,0.00436472,-0.0327596,0.0395048,0.00161675,-0.00315769,-0.0510202,0.0027489,0.0937898,-0.0510202,-0.00113215,-0.0969474,0,0.000164322,0.0511297,0.0115442,0.000831163,0.0719952,0,0.000666841,0.0208655,-0.0115442,-0.00200674,-0.00806056,-0.0592572,-0.00115439,-0.0999933,0,-1.38745e-17,-1.92355e-16,0,-0.000425927,0.0511282,0.0115442,1.18056e-16,0.072,0,-8.68187e-17,-0.1,0,-1.16531e-17,-1.92502e-16,0,1,223,1,
9,1,0.00145491,-0.0193198,0.030726,0.00169607,-0.0320755,-0.0550894,0.00295735,0.0648704,-0.0550894,-0.00126128,-0.0969459,0,0.0002462,0.0501971,0.012861,0.000874525,0.0679944,0,0.000628325,0.0177973,-0.012861,-0.000962901,-0.0767044,-0.0329207,-0.00128607,-0.0999917,0,-1.2472e-17,2.38811e-16,0,-0.000399388,0.0501961,0.012861,1.18301e-16,0.068,0,-1.16341e-16,-0.1,0,-1.55422e-17,2.38631e-16,0,1,224,1,
9.04,1,-0.00145491,-0.0092399,0.0175577,0.00162402,-0.0504848,-0.0586307,0.00298,0.0464599,-0.0586307,-0.00135598,-0.0969446,0,0.000280125,0.0497012,0.0138267,0.00088488,0.0639939,0,0.000604755,0.0142927,-0.0138267,-0.000589246,-0.087616,-0.0241418,-0.00138262,-0.0999904,0,-1.57538e-17,2.88293e-16,0,-0.000407083,0.0497003,0.0138267,1.18546e-16,0.064,0,-1.46958e-16,-0.1,0,-1.97383e-17,2.88048e-16,0,1,225,1,
9.08,1,0,-0.00167998,0.00438942,0.00104185,-0.0698012,-0.0597549,0.00244087,0.0271428,-0.0597549,-0.00139902,-0.096944,0,0.000301941,0.0495331,0.0142656,0.000855909,0.0599939,0,0.000553968,0.0104608,-0.0142656,-0.00126967,-0.0957965,-0.0109736,-0.00142651,-0.0999898,0,-1.8431e-17,4.02393e-16,0,-0.000404687,0.0495324,0.0142656,1.18791e-16,0.06,0,-1.77574e-16,-0.1,0,-2.41693e-17,4.02089e-16,0,1,226,1,
9.12,1,-0.00145491,-0.000839991,-0.00438942,0.000897828,-0.0887702,-0.0584541,0.00228394,0.00817407,-0.0584541,-0.00138611,-0.0969442,0,0.000280869,0.0495079,0.0141339,0.000791475,0.0559944,0,0.000510606,0.00648647,-0.0141339,-0.00108406,-0.0993582,0.00329207,-0.00141335,-0.09999,0,-2.89953e-17,-1.55251e-17,0,-0.000418878,0.049507,0.0141339,1.19036e-16,0.056,0,-2.07097e-16,-0.1,0,-2.8773e-17,-1.59334e-17,0,1,227,1,
9.16,1,0,-0.00839991,-0.00438942,0.000901697,-0.104198,-0.0593486,0.00230072,-0.00725386,-0.0593486,-0.00139902,-0.096944,0,0.00025829,0.0492055,0.0142656,0.000741787,0.0519947,0,0.000483497,0.00278921,-0.0142656,-0.000677707,-0.0924316,-0.00329207,-0.00142651,-0.0999898,0,-2.74779e-17,4.22113e-16,0,-0.00044366,0.0492042,0.0142656,1.19281e-16,0.052,0,-2.34432e-16,-0.1,0,-3.34966e-17,4.21679e-16,0,1,228,1,
9.2,1,0,-0.0100799,-0.0131683,0.00124852,-0.121124,-0.056293,0.00259589,-0.0241795,-0.056293,-0.00134737,-0.0969448,0,0.000174176,0.0489032,0.0137389,0.000659446,0.0479955,0,0.00048527,-0.00090776,-0.0137389,4.43296e-05,-0.0924243,0.0131683,-0.00137385,-0.0999906,0,-3.12978e-17,5.09665e-16,0,-0.000497696,0.048901,0.0137389,1.19526e-16,0.048,0,-2.58488e-16,-0.1,0,-3.82969e-17,5.09187e-16,0,1,229,1,
9.24,1,0,-0.0167998,-0.0219471,-0.000296182,-0.129951,-0.0529075,0.000913355,-0.0379157,-0.0529075,-0.00120954,-0.0920355,0,0.00019588,0.0482818,0.0129927,0.000571662,0.0439963,0,0.000375782,-0.00428547,-0.0129927,-0.00273721,-0.0844427,0.0186551,-0.00123427,-0.094992,0,7.97731e-06,0.00061395,0,-0.000431429,0.0482802,0.0129927,1.1977e-16,0.044,0,-2.63168e-16,-0.095,0,-4.12981e-17,0.000614001,0,1,230,1,
9.28,1,-0.00145491,-0.0209998,-0.0175577,0.000417617,-0.139175,-0.0510128,0.00149392,-0.0538028,-0.0510128,-0.00107631,-0.085372,0,0.0001559,0.0477023,0.012466,0.000498626,0.0399969,0,0.000342726,-0.00770536,-0.012466,-0.000826406,-0.0854974,0.0131683,-0.00109965,-0.0882074,0,1.80804e-05,0.00145031,0,-0.000438751,0.0477005,0.012466,1.20015e-16,0.04,0,-2.57023e-16,-0.0882143,0,-4.36512e-17,0.00145042,0,1,231,1,
9.32,1,-0.00145491,-0.0209998,-0.0175577,8.83469e-05,-0.15256,-0.0517094,0.00106272,-0.0752562,-0.0517094,-0.000974368,-0.0773038,0,0.0001559,0.0477023,0.012466,0.000448763,0.0359972,0,0.000292863,-0.0117051,-0.012466,-0.00124656,-0.0999922,0,-0.000997251,-0.0799938,0,3.08305e-05,0.00247304,0,-0.000438751,0.0477005,0.012466,1.08014e-16,0.036,0,-2.40031e-16,-0.08,0,7.42066e-18,0.00247324,0,1,232,1,
9.36,1,-0.00145491,-0.0260397,-0.00438943,0.000173437,-0.151592,-0.0514692,0.00102952,-0.0834108,-0.0514692,-0.000856079,-0.0681812,0,0.000139257,0.0466859,0.0124221,0.000397496,0.0319975,0,0.000258239,-0.0146883,-0.0124221,-0.000865604,-0.0745822,0.00109736,-0.000878395,-0.0707088,0,4.53338e-05,0.00364927,0,-0.000440674,0.046684,0.0124221,9.60123e-17,0.032,0,-2.1217e-16,-0.0707143,0,1.09501e-17,0.00364955,0,1,233,1,
9.4,1,-0.00436472,-0.0394796,0.00438943,0.00346931,-0.15047,-0.0508069,0.00419388,-0.0921168,-0.0508069,-0.000724573,-0.0583535,0,-9.96759e-05,0.0451739,0.0122904,0.000344122,0.0279979,0,0.000443798,-0.017176,-0.0122904,0.00463897,-0.062192,0.00329207,-0.000746183,-0.0607097,0,6.0831e-05,0.00494923,0,-0.000654859,0.0451693,0.0122904,8.40108e-17,0.028,0,-1.82166e-16,-0.0607143,0,1.48507e-17,0.0049496,0,1,234,1,
9.44,1,0,-0.0503994,0,-0.000503478,-0.148738,-0.0505008,8.99476e-05,-0.100569,-0.0505008,-0.000593425,-0.0481695,0,-1.79819e-06,0.0433679,0.0122026,0.000292855,0.0239982,0,0.000294653,-0.0193697,-0.0122026,-0.00372862,-0.0548421,0.00219471,-0.000614473,-0.0503534,0,7.74452e-05,0.0063463,0,-0.000530986,0.0433647,0.0122026,7.20092e-17,0.024,0,-1.51091e-16,-0.0503571,0,1.90428e-17,0.00634677,0,1,235,1,
9.48,1,-0.00145491,-0.0663593,-0.030726,0.000855413,-0.119125,-0.0558996,0.00135974,-0.081147,-0.0558996,-0.000504329,-0.0379775,0,-1.77613e-05,0.0386135,0.0131683,0.000263358,0.0199983,0,0.000281119,-0.0186153,-0.0131683,-0.000338355,0.0188608,-0.0241418,-0.000526716,-0.0399965,0,0.000102941,0.00781688,0,-0.000526219,0.03861,0.0131683,6.00077e-17,0.02,0,-1.20015e-16,-0.04,0,2.34557e-17,0.00781755,0,1,236,1,
9.52,1,-0.00290981,-0.089039,-0.00438942,0.0045474,-0.118577,-0.0510207,0.00490156,-0.0904497,-0.0510207,-0.000354163,-0.0281271,0,-0.000305068,0.035136,0.0125099,0.000200152,0.0159987,0,0.000505221,-0.0191372,-0.0125099,0.00560254,-0.0130484,0.0164603,-0.000375286,-0.0299977,0,0.000116859,0.00934086,0,-0.000744579,0.0351294,0.0125099,4.80062e-17,0.016,0,-9.00115e-17,-0.03,0,2.80284e-17,0.00934159,0,1,237,1,
9.56,1,-0.00436472,-0.106679,-0.0438942,-0.000916976,-0.105333,-0.0413261,-0.000715784,-0.0863676,-0.0413261,-0.000201192,-0.0189656,0,-0.000154691,0.031011,0.0105785,0.00012694,0.0119993,0,0.000281631,-0.0190116,-0.0105785,-0.00558974,0.00313974,0.0482837,-0.000219122,-0.0207131,0,0.000115321,0.010901,0,-0.000482726,0.0310076,0.0105785,3.60046e-17,0.012,0,-6.21508e-17,-0.0207143,0,3.27092e-17,0.0109017,0,1,238,1,
9.6,1,0.0130942,-0.118439,-0.0790096,0.000138927,-0.0854747,-0.039558,0.000244397,-0.0746347,-0.039558,-0.000105471,-0.01084,0,-0.000120997,0.0257693,0.00978841,7.83061e-05,0.00799962,0,0.000199303,-0.0177697,-0.00978841,-0.00205821,0.0310491,0.0197524,-0.000122353,-0.0124994,0,0.000122193,0.0124831,0,-0.000373227,0.0257669,0.00978841,2.40031e-17,0.008,0,-3.75048e-17,-0.0125,0,3.74558e-17,0.0124837,0,1,239,1,
9.64,1,0.00436472,-0.115079,-0.15363,0.00105522,-0.0890763,-0.0194722,0.00107851,-0.0849781,-0.0194722,-2.32934e-05,-0.00409823,0,-0.000176887,0.0221315,0.00592572,2.37027e-05,0.00399993,0,0.00020059,-0.0181315,-0.00592572,3.21788e-05,-0.00904673,0.0965673,-3.38611e-05,-0.00571419,0,8.34136e-05,0.0140764,0,-0.000308028,0.02213,0.00592572,1.20015e-17,0.004,0,-1.71451e-17,-0.00571429,0,4.22352e-17,0.0140766,0,1,240,1,
9.68,1,0.0101843,-0.130199,-0.127293,-0.00325851,-0.0706086,0.000872618,-0.00325999,-0.0715215,0.000872618,1.47972e-06,0.000912885,0,8.38686e-05,0.0169813,0.00127293,1.11414e-17,8.75254e-15,0,-8.38686e-05,-0.0169813,-0.00127293,-0.00711146,0.0287568,0.11632,-9.09238e-07,-0.000714285,0,1.99503e-05,0.0156727,0,6.22525e-05,0.0169813,0.00127293,2.62697e-29,8.75255e-15,0,-2.14313e-18,-0.000714286,0,4.70241e-17,0.0156727,0,1,241,1,
9.72,1,0.00727453,-0.130199,-0.0877885,-0.0056211,-0.058727,0.032899,-0.0055974,-0.0625732,0.032899,-2.3704e-05,0.00384627,0,0.00044547,0.0114627,-0.00570625,2.28249e-05,-0.00399993,0,-0.000422646,-0.0154626,0.00570625,-0.00846943,0.0379655,0.17448,-1.22276e-05,0.00214282,0,-9.85306e-05,0.0172669,0,0.000510872,0.01146,-0.00570625,-1.20015e-17,-0.004,0,6.4294e-18,0.00214286,0,5.18083e-17,0.0172672,0,1,242,1,
9.76,1,0.00290981,-0.129359,-0.083399,-0.00551052,0.0269148,0.0294327,-0.00550654,0.026097,0.0294327,-3.97542e-06,0.000817774,0,0.000637082,0.00576802,-0.00675971,2.15175e-17,-3.18314e-15,0,-0.000637082,-0.00576802,0.00675971,-0.0053609,0.242365,0.0263365,-1.68992e-05,0.00249994,0,0.000105984,-0.0156786,0,0.000676057,0.00576359,-0.00675971,-9.55107e-30,-3.18322e-15,0,7.50096e-18,0.0025,0,-4.70429e-17,-0.015679,0,1,243,1,
9.8,1,-0.00872944,-0.117599,-0.0482837,-0.00118579,0.00908819,0.0410061,-0.00118579,0.00908819,0.0410061,0,0,0,0.000492466,0.00221636,-0.00913,0,0,0,-0.000492466,-0.00221636,0.00913,0.00361538,0.0887917,0.0592572,0,0,0,0,0,0,0.000512681,0.00221177,-0.00913,0,0,0,0,0,0,0,0,0,1,244,1,
9.84,1,-0.00872944,-0.117599,-0.0482837,-0.00261658,-0.010148,0.0378716,-0.00261658,-0.010148,0.0378716,0,0,0,0.000492466,0.00221636,-0.00913,0,0,0,-0.000492466,-0.00221636,0.00913,0,0,0,0,0,0,0,0,0,0.000512681,0.00221177,-0.00913,0,0,0,0,0,0,0,0,0,1,245,1,
