<?xml version="1.0" ?>
<robot>
  <defines>
    <!-- Robot -->
    <const name='centerdist' value='0.195'/>
    <const name='wheel_radius' value='0.051'/>
    <const name='robot_mass' value='27.1'/>
    <const name='inertial_xx' value='1'/>
    <const name='inertial_yy' value='1'/>
    <const name='inertial_zz' value='1.1'/>
    <!-- Wheels -->
    <const name='surface_mu' value='1'/>
    <const name='surface_mu2' value='0.25'/>
    <const name='surface_soft' value='1e-2'/>
    <!-- Motors -->
    <const name='mot_ri' value='0.6'/>
    <const name='mot_ki' value='0.3624'/>
    <const name='mot_vmax' value='24'/>
    <const name='mot_imax' value='6'/>
    <!--const name='mot_gear' value='1'/-->
    <const name='mot_bv' value='0.001316282616'/>
    <const name='mot_fc' value='0.80734166'/>
    <const name='mot_ppr' value='12288'/>
    <const name='mot_pid_kp' value='0.245'/>
    <const name='mot_pid_ki' value='0.0112'/>
    <const name='mot_pid_kd' value='0.0'/>
    <const name='mot_pid_kf' value='0.1887'/>
    <const name='mot_pid_active' value='0'/>
  </defines>

  <solids>
    <cylinder>
      <ID value='Body'/>
      <mass value='robot_mass' I11='inertial_xx' I22='inertial_yy' I33='inertial_zz'/>
      <!-- size x = sqrt(I*2/m) = sqrt(0.704*2/27) -->
      <size x='0.06' z='0.2'/>
      <pos x='0' y='0' z='0.185'/>
      <!--<rot_deg x='0' y='0' z='0'/>-->
      <!--<color_rgb r='128' g='0' b='0'/>-->
      <!--<texture name='MatFeup' scale='2'/>-->
    </cylinder>
    <cuboid>
      <ID value='Kicker'/>
      <mass value='0.1'/>
      <size x='0.002' y='0.08' z='0.30'/>
      <pos x='0.2' y='0' z='0.18'/>
      <rot_deg x='0' y='0' z='0'/>
      <color_rgb r='0' g='255' b='0'/>
    </cuboid>

    <cylinder>
      <ID value='wheel_1' kind='omni'/>
      <mass value='0.660'/>
      <surface mu='surface_mu' mu2='surface_mu2' softness='surface_soft'/>
      <size x='wheel_radius' z='0.0042'/>
      <pos x='centerdist * cos(-pi()/3)' y='centerdist * sin(-pi()/3)' z='wheel_radius'/>
      <rot_deg x='90' y='0' z='30'/>
      <!--<color_rgb r='128' g='0' b='0'/>-->
      <!--<texture name='MatFeup' scale='2'/>-->
    </cylinder>

    <cylinder>
      <ID value='wheel_2' kind='omni'/>
      <mass value='0.660'/>
      <surface mu='surface_mu' mu2='surface_mu2' softness='surface_soft'/>
      <size x='wheel_radius' z='0.0042'/>
      <pos x='centerdist * cos(pi()/3)' y='centerdist * sin(pi()/3)' z='wheel_radius'/>
      <rot_deg x='90' y='0' z='150'/>
      <!--<color_rgb r='128' g='0' b='0'/>-->
      <!--<texture name='MatFeup' scale='2'/>-->
    </cylinder>

    <cylinder>
      <ID value='wheel_3' kind='omni'/>
      <mass value='0.660'/>
      <surface mu='surface_mu' mu2='surface_mu2' softness='surface_soft'/>
      <size x='wheel_radius' z='0.0042'/>
      <pos x='centerdist * cos(pi())' y='centerdist * sin(pi())' z='wheel_radius'/>
      <rot_deg x='0' y='90' z='180'/>
      <!--<color_rgb r='128' g='0' b='0'/>-->
      <!--<texture name='MatFeup' scale='2'/>-->
    </cylinder>

  </solids>
  <articulations>
    <default>
      <motor ri='7.6' li='4.88e-3' ki='0.01025' vmax='9' imax='2' active='0'/>
      <gear ratio='1'/>
      <friction bv='5e-2' fc='5e-3'/>
      <encoder ppr='360' mean='0' stdev='0'/>
      <controller mode='pidspeed' kp='1' ki='0' kd='0' kf='0.05' active='0' period='10'/>
    </default>

    <joint>
      <ID value='KickerAxis'/>
      <connect B1='Body' B2='Kicker'/>
      <pos x='0.25' y='0' z='0.38'/>
      <axis x='0' y='1' z='0'/>
      <limits Min='-10' Max='90'/>
      <spring k='10' zeropos='90'/>
      <type value='Hinge'/>
    </joint>

    <joint>
      <ID value='J1'/>
      <draw radius='0.01' height='0.5' rgb24='008F8F'/>

      <motor ri='mot_ri' ki='mot_ki' vmax='mot_vmax' imax='mot_imax' active='1'/>
      <friction bv='mot_bv' fc='mot_fc'/>
      <encoder ppr='mot_ppr' mean='0' stdev='0'/>
      <controller mode='pidspeed' kp='mot_pid_kp' ki='mot_pid_ki' kd='mot_pid_kd' kf='mot_pid_kf' active='mot_pid_active' period='10'/>

      <connect B1='Body' B2='wheel_1'/>
      <pos x='0' y='0' z='wheel_radius'/>
      <axis x='cos(-pi()/3)' y='sin(-pi()/3)' z='0'/>
      <type value='Hinge'/>
    </joint>

    <joint>
      <ID value='J2'/>
      <draw radius='0.01' height='0.5' rgb24='8F8F00'/>

      <motor ri='mot_ri' ki='mot_ki' vmax='mot_vmax' imax='mot_imax' active='1'/>
      <friction bv='mot_bv' fc='mot_fc'/>
      <encoder ppr='mot_ppr' mean='0' stdev='0'/>
      <controller mode='pidspeed' kp='mot_pid_kp' ki='mot_pid_ki' kd='mot_pid_kd' kf='mot_pid_kf' active='mot_pid_active' period='10'/>

      <connect B1='Body' B2='wheel_2'/>
      <pos x='0' y='0' z='wheel_radius'/>
      <axis x='cos(pi()/3)' y='sin(pi()/3)' z='0'/>
      <type value='Hinge'/>
    </joint>

    <joint>
      <ID value='J3'/>
      <draw radius='0.01' height='0.5' rgb24='8F008F'/>

      <motor ri='mot_ri' ki='mot_ki' vmax='mot_vmax' imax='mot_imax' active='1'/>
      <friction bv='mot_bv' fc='mot_fc'/>
      <encoder ppr='mot_ppr' mean='0' stdev='0'/>
      <controller mode='pidspeed' kp='mot_pid_kp' ki='mot_pid_ki' kd='mot_pid_kd' kf='mot_pid_kf' active='mot_pid_active' period='10'/>

      <connect B1='Body' B2='wheel_3'/>
      <pos x='0' y='0' z='wheel_radius'/>
      <axis x='cos(pi())' y='sin(pi())' z='0'/>
      <type value='Hinge'/>
    </joint>

  </articulations>
  
  
  <!--
  <wheels>
    <default>
      <omni/>
      <tyre mass='0.660' radius='0.051' width='0.042' centerdist='0.195'/>
      <motor ri='0.316' ki='0.0302' vmax='24' imax='12' active='1'/>
      <gear ratio='12'/>
      <friction bv='0.001' fc='0.0615' coulomblimit='0.0001'/>
      <encoder ppr='12288' mean='0' stdev='0'/>
      
      <controller mode='pidspeed' kp='0.245' ki='0.0112' kd='0.0' kf='0.1887' active='1' period='10'/>
    </default>
    <wheel>
      <axis angle='-60'/>
    </wheel>
    <wheel>
      <axis angle='60'/>
    </wheel>
    <wheel>
      <axis angle='180'/>
    </wheel>
  </wheels> -->

  <shells>
    <camera>
      <ID value='camera'/>
      <solid id='Body'/>
      <size x='0.04' y='0.04' z='0.01'/>
      <pos x='0' y='0' z='0.6'/>
      <focal length='2'/>
      <frame decimation='4'/>
      <rot_deg x='180' y='0' z='0'/>
      <color_rgb r='50' g='140' b='200'/>
    </camera>

    <!-- Pa do Kicker -->
    <cuboid>
      <solid id='Kicker'/>
      <size x='0.04' y='0.08' z='0.01'/>
      <pos x='0.02' y='0' z='-0.15'/>
      <rot_deg x='0' y='0' z='0'/>
      <color_rgb r='0' g='128' b='0'/>
    </cuboid>
    
    <!--Garras-->
    <cuboid>
      <size x='0.07' y='0.03' z='0.03'/>
      <pos x='0.23' y='0.1' z='-0.11'/>
      <rot_deg x='30' y='30' z='-15'/>
      <color_rgb r='0' g='128' b='0'/>
    </cuboid>
    
    <cuboid>
      <size x='0.07' y='0.03' z='0.03'/>
      <pos x='0.23' y='-0.1' z='-0.11'/>
      <rot_deg x='30' y='30' z='15'/>
      <color_rgb r='0' g='128' b='0'/>
    </cuboid> 
    
    <cuboid>
      <size x='0.07' y='0.03' z='0.03'/>
      <pos x='0.23' y='0.1' z='0'/>
      <rot_deg x='30' y='30' z='-15'/>
      <color_rgb r='0' g='128' b='0'/>
    </cuboid> 
    
    <cuboid>
      <size x='0.07' y='0.03' z='0.03'/>
      <pos x='0.23' y='-0.1' z='0'/>
      <rot_deg x='30' y='30' z='15'/>
      <color_rgb r='0' g='128' b='0'/>
    </cuboid>  
     
      
    <!-- Parachoques principais -->
    <cuboid>
      <size x='0.01' y='0.355' z='0.08'/>
      <pos x='0.18' y='0' z='-0.12'/>
      <rot_deg x='0' y='0' z='0'/>
      <color_rgb r='100' g='100' b='100'/>
    </cuboid>

    <cuboid>
      <size x='0.01' y='0.355' z='0.08'/>
      <pos x='-0.09' y='0.156' z='-0.12'/>
      <rot_deg x='0' y='0' z='120'/>
      <color_rgb r='100' g='100' b='100'/>
    </cuboid>

    <cuboid>
      <size x='0.01' y='0.355' z='0.08'/>
      <pos x='-0.09' y='-0.156' z='-0.12'/>
      <rot_deg x='0' y='0' z='-120'/>
      <color_rgb r='100' g='100' b='100'/>
    </cuboid>

    <!-- Parachoques rodas -->
    <cuboid>
      <size x='0.01' y='0.13' z='0.08'/>
      <pos x='0.12' y='0.208' z='-0.12'/>
      <rot_deg x='0' y='0' z='60'/>
      <color_rgb r='100' g='100' b='100'/>
    </cuboid>

    <cuboid>
      <size x='0.01' y='0.13' z='0.08'/>
      <pos x='0.12' y='-0.208' z='-0.12'/>
      <rot_deg x='0' y='0' z='-60'/>
      <color_rgb r='100' g='100' b='100'/>
    </cuboid>

    <cuboid>
      <size x='0.01' y='0.13' z='0.08'/>
      <pos x='-0.24' y='0' z='-0.12'/>
      <rot_deg x='0' y='0' z='180'/>
      <color_rgb r='100' g='100' b='100'/>
    </cuboid>
    
    <!--Placas laterais-->
    <cuboid>
      <size x='0.001' y='0.355' z='0.28'/>
      <pos x='0.18' y='0' z='0.06'/>
      <rot_deg x='0' y='0' z='0'/>
      <color_rgb r='0' g='0' b='0'/>
    </cuboid>

    <cuboid>
      <size x='0.001' y='0.355' z='0.28'/>
      <pos x='-0.09' y='0.156' z='0.06'/>
      <rot_deg x='0' y='0' z='120'/>
      <color_rgb r='0' g='0' b='0'/>
    </cuboid>

    <cuboid>
      <size x='0.001' y='0.355' z='0.28'/>
      <pos x='-0.09' y='-0.156' z='0.06'/>
      <rot_deg x='0' y='0' z='-120'/>
      <color_rgb r='0' g='0' b='0'/>
    </cuboid>

    <cuboid>
      <size x='0.001' y='0.13' z='0.28'/>
      <pos x='0.12' y='0.208' z='0.06'/>
      <rot_deg x='0' y='0' z='60'/>
      <color_rgb r='0' g='0' b='0'/>
    </cuboid>

    <cuboid>
      <size x='0.001' y='0.13' z='0.28'/>
      <pos x='0.12' y='-0.208' z='0.06'/>
      <rot_deg x='0' y='0' z='-60'/>
      <color_rgb r='0' g='0' b='0'/>
    </cuboid>

    <cuboid>
      <size x='0.001' y='0.13' z='0.28'/>
      <pos x='-0.24' y='0' z='0.06'/>
      <rot_deg x='0' y='0' z='180'/>
      <color_rgb r='0' g='0' b='0'/>
    </cuboid>
    
    <!--Camera Base-->
    <cuboid>
      <size x='0.001' y='0.23' z='0.23'/>
      <pos x='0.10' y='0' z='0.32'/>
      <rot_deg x='0' y='0' z='0'/>
      <color_rgb r='0' g='0' b='255'/>
    </cuboid>    

    <cuboid>
      <size x='0.001' y='0.23' z='0.23'/>
      <pos x='-0.05' y='0.09' z='0.32'/>
      <rot_deg x='0' y='0' z='120'/>
      <color_rgb r='0' g='0' b='255'/>
    </cuboid>

    <cuboid>
      <size x='0.001' y='0.23' z='0.23'/>
      <pos x='-0.05' y='-0.09' z='0.32'/>
      <rot_deg x='0' y='0' z='-120'/>
      <color_rgb r='0' g='0' b='255'/>
    </cuboid>

    <cuboid>
      <size x='0.001' y='0.065' z='0.23'/>
      <pos x='0.075' y='0.13' z='0.32'/>
      <rot_deg x='0' y='0' z='60'/>
      <color_rgb r='0' g='0' b='255'/>
    </cuboid>

    <cuboid>
      <size x='0.001' y='0.065' z='0.23'/>
      <pos x='0.075' y='-0.13' z='0.32'/>
      <rot_deg x='0' y='0' z='-60'/>
      <color_rgb r='0' g='0' b='255'/>
    </cuboid>

    <cuboid>
      <size x='0.001' y='0.065' z='0.23'/>
      <pos x='-0.15' y='0' z='0.32'/>
      <rot_deg x='0' y='0' z='180'/>
      <color_rgb r='0' g='0' b='255'/>
    </cuboid>
    
    <!--Camera Top-->
    <cuboid>
      <size x='0.001' y='0.03' z='0.19'/>
      <pos x='0.075' y='0.13' z='0.53'/>
      <rot_deg x='0' y='0' z='150'/>
      <color_rgb r='0' g='0' b='255'/>
    </cuboid>

    <cuboid>
      <size x='0.001' y='0.03' z='0.19'/>
      <pos x='0.075' y='-0.13' z='0.53'/>
      <rot_deg x='0' y='0' z='-150'/>
      <color_rgb r='0' g='0' b='255'/>
    </cuboid>

    <cuboid>
      <size x='0.001' y='0.03' z='0.19'/>
      <pos x='-0.15' y='0' z='0.53'/>
      <rot_deg x='0' y='0' z='90'/>
      <color_rgb r='0' g='0' b='255'/>
    </cuboid>

    <cylinder>
      <ID value='Hat'/>
      <size x='0.18' z='0.001'/>
      <pos x='0' y='0' z='0.61'/>
      <color_rgb r='0' g='255' b='255'/>
    </cylinder> 
  </shells>

</robot>
