<?xml version="1.0" ?>
<robot>
  <kind value='Belt'/>

  <solids>
    <belt>
      <ID value='1'/>
      <mass value='20'/>
      <size x='1.5' y='0.4' z='0.05'/>
      <pos x='0' y='0' z='0'/>
      <rot_deg x='0' y='0' z='0'/>
      <color_rgb r='255' g='255' b='255'/>
      <texture name='ConveyorBelt256.jpg' scale='6'/>
    </belt>

<!--    <cuboid>
      <ID value='2'/>
      <mass value='0.8'/>
      <size x='0.09' y='0.09' z='0.135'/>
      <pos x='0' y='-0.4' z='0.08'/>
      <rot_deg x='0' y='0' z='0'/>
      <color_rgb r='128' g='0' b='0'/>
    </cuboid>-->

  </solids>


  <shells>
    <cuboid>
      <size x='1.6' y='0.02' z='0.2'/>
      <pos x='0' y='0.2' z='0'/>
      <rot_deg x='0' y='0' z='0'/>
      <color_rgb r='128' g='128' b='128'/>
    </cuboid>
    <cuboid>
      <size x='1.6' y='0.02' z='0.2'/>
      <pos x='0' y='-0.2' z='0'/>
      <rot_deg x='0' y='0' z='0'/>
      <color_rgb r='128' g='128' b='128'/>
    </cuboid>
  </shells>

  <sensors>
    <IRSharp>
      <beam length='0.4' initial_width='0.01' final_width='0.01'/>
      <pos x='0.65' y='-0.2' z='0.15'/>
      <rot_deg x='0' y='0' z='90'/>
      <color_rgb r='200' g='0' b='0'/>
    </IRSharp>
  </sensors>

</robot>

