<?xml version="1.0" ?>
<robot>
  <kind value='wheelchair'/>

  <solids>
    <cuboid>
      <ID value='1'/>
      <mass value='1.8'/>
      <size x='0.09' y='0.09' z='0.135'/>
      <pos x='0' y='0' z='0.08'/>
      <rot_deg x='0' y='0' z='0'/>
      <color_rgb r='128' g='0' b='0'/>
    </cuboid>

<!--    <cuboid>
      <ID value='2'/>
      <mass value='0.8'/>
      <size x='0.09' y='0.09' z='0.135'/>
      <pos x='0' y='-0.4' z='0.08'/>
      <rot_deg x='0' y='0' z='0'/>
      <color_rgb r='128' g='0' b='0'/>
    </cuboid>-->

  </solids>

  <wheels>
    <default>
      <tyre mass='0.8' radius='0.04' width='0.03' centerdist='0.09'/>
      <axis angle='0'/>
      <motor ri='0.3' ki='1.4e-2' vmax='12' imax='4' active='1'/>
      <gear ratio='12'/>
      <friction bv='1e-5' fc='1e-3' coulomblimit='1e-2'/>
      <encoder ppr='1000' mean='0' stdev='0'/>
      <controller mode='pidspeed' kp='0.2' ki='0' kd='0.01' kf='0.05' active='1' period='10'/>
      <color_rgb r='128' g='0' b='128'/>
    </default>
    <wheel>
      <axis angle='-90'/>
    </wheel>
    <wheel>
      <axis angle='90'/>
    </wheel>
    <wheel>
      <omni/>
      <motor active='0'/>
      <axis angle='180'/>
    </wheel>
  </wheels>

<!--  <articulations>
    <default>
      <motor ri='0.5' ki='1.2e-3' vmax='9' imax='1' active='0'/>
      <gear ratio='100'/>
      <friction bv='1e-5' fc='1e-3' coulomblimit='1e-2'/>
      <encoder ppr='1000' mean='0' stdev='0'/>
      <controller mode='state' kp='20' ki='1' kd='0' kf='0.05' active='1' period='10'/>
    </default>
    <joint>
      <ID value='0'/>
      <axis x='0' y='1' z='0'/>
      <connect B1='1' B2='2'/>
      <limits Min='-1' Max='1'/>
      <type value='Slider'/>
      <desc Eng='test'/>
    </joint>
  </articulations> -->

  <shells>
    <cuboid>
      <size x='0.01' y='0.15' z='0.05'/>
      <pos x='0.1' y='0' z='0'/>
      <rot_deg x='0' y='0' z='0'/>
      <color_rgb r='128' g='128' b='128'/>
    </cuboid>
  </shells>

  <sensors>
    <IRSharp>
      <beam length='0.8' initial_width='0.01' final_width='0.015'/>
      <pos x='0' y='-0.3' z='0'/>
      <rot_deg x='0' y='0' z='-90'/>
      <color_rgb r='128' g='0' b='0'/>
    </IRSharp>
  </sensors>

</robot>

