<sensors>

  <inductive>
    <ID value='Ind0'/>
    <beam length='0.5' initial_width='0.01' final_width='0.015'/>
    <pos x='-1' y='-0.5' z='0.3'/>
    <rot_deg x='0' y='0' z='-45'/>
    <noise stdev='0' stdev_p='0' offset='0' gain='1'/>
    <color_rgb r='0' g='0' b='128'/>
  </inductive>

  <IRSharp>
    <ID value='Sharp80'/>
    <beam length='0.8' initial_width='0.01' final_width='0.015'/>
    <pos x='-1' y='-0.5' z='0.3'/>
    <rot_deg x='0' y='45' z='-90'/>
    <color_rgb r='128' g='0' b='0'/> 
  </IRSharp>
                                                           
  <ranger2d>
    <ID value='ranger2d'/>
    <beam length='1' initial_width='0.01' final_width='0.015'/>
    <pos x='1' y='0' z='0.5'/>
    <rot_deg x='0' y='90' z='0'/>
    <tag value='00'/>
    <beam angle='270' rays='768'/>
    <noise stdev='0.002' stdev_p='0' offset='0' gain='1'/>
    <color_rgb r='0' g='255' b='0'/>
  </ranger2d>

</sensors>