<?xml version="1.0" ?>
<things>

    <cuboid>
      <ID value='box1'/>
      <mass value='0.01'/>
      <size x='0.05' y='0.05' z='0.05'/>
      <pos x='1' y='1' z='0.025'/>
      <rot_deg x='0' y='0' z='0'/>
      <color_rgb r='128' g='0' b='0'/>
    </cuboid>  
    
    <cuboid>
      <ID value='box2'/>
      <mass value='0.01'/>
      <size x='0.05' y='0.05' z='0.05'/>
      <pos x='1' y='1.2' z='0.025'/>
      <rot_deg x='0' y='0' z='0'/>
      <color_rgb r='128' g='0' b='0'/>
    </cuboid> 
    
    <cuboid>
      <ID value='box3'/>
      <mass value='0.01'/>
      <size x='0.05' y='0.05' z='0.05'/>
      <pos x='1' y='1.4' z='0.025'/>
      <rot_deg x='0' y='0' z='0'/>
      <color_rgb r='128' g='0' b='0'/>
    </cuboid>     
    
    <cuboid>
      <ID value='box4'/>
      <mass value='0.01'/>
      <size x='0.05' y='0.05' z='0.05'/>
      <pos x='1' y='1.6' z='0.025'/>
      <rot_deg x='0' y='0' z='0'/>
      <color_rgb r='128' g='0' b='0'/>
    </cuboid>    
    
    <cuboid>
      <ID value='box5'/>
      <mass value='0.01'/>
      <size x='0.05' y='0.05' z='0.05'/>
      <pos x='1.2' y='1' z='0.025'/>
      <rot_deg x='0' y='0' z='0'/>
      <color_rgb r='128' g='0' b='0'/>
    </cuboid>      


    <cuboid>
      <ID value='box6'/>
      <mass value='0.01'/>
      <size x='0.05' y='0.05' z='0.05'/>
      <pos x='1.4' y='1' z='0.025'/>
      <rot_deg x='0' y='0' z='0'/>
      <color_rgb r='128' g='0' b='0'/>
    </cuboid>    
    
    <cuboid>
      <ID value='box7'/>
      <mass value='0.01'/>
      <size x='0.05' y='0.05' z='0.05'/>
      <pos x='1.6' y='1' z='0.025'/>
      <rot_deg x='0' y='0' z='0'/>
      <color_rgb r='128' g='0' b='0'/>
    </cuboid>    
    
    <cuboid>
      <ID value='box8'/>
      <mass value='0.01'/>
      <size x='0.05' y='0.05' z='0.05'/>
      <pos x='1.2' y='1.2' z='0.025'/>
      <rot_deg x='0' y='0' z='0'/>
      <color_rgb r='128' g='0' b='0'/>
    </cuboid>     

    <cuboid>
      <ID value='box9'/>
      <mass value='0.01'/>
      <size x='0.05' y='0.05' z='0.05'/>
      <pos x='1.2' y='1.4' z='0.025'/>
      <rot_deg x='0' y='0' z='0'/>
      <color_rgb r='128' g='0' b='0'/>
    </cuboid>     
    
    <cuboid>
      <ID value='box10'/>
      <mass value='0.01'/>
      <size x='0.05' y='0.05' z='0.05'/>
      <pos x='1.2' y='1.6' z='0.025'/>
      <rot_deg x='0' y='0' z='0'/>
      <color_rgb r='128' g='0' b='0'/>
    </cuboid>
    
    <cuboid>
      <ID value='box11'/>
      <mass value='0.01'/>
      <size x='0.05' y='0.05' z='0.05'/>
      <pos x='1.4' y='1.2' z='0.025'/>
      <rot_deg x='0' y='0' z='0'/>
      <color_rgb r='128' g='0' b='0'/>
    </cuboid>  
    
    <cuboid>
      <ID value='box12'/>
      <mass value='0.01'/>
      <size x='0.05' y='0.05' z='0.05'/>
      <pos x='1.4' y='1.4' z='0.025'/>
      <rot_deg x='0' y='0' z='0'/>
      <color_rgb r='128' g='0' b='0'/>
    </cuboid>                                         

    <cuboid>
      <ID value='box13'/>
      <mass value='0.01'/>
      <size x='0.05' y='0.05' z='0.05'/>
      <pos x='1.6' y='1.4' z='0.025'/>
      <rot_deg x='0' y='0' z='0'/>
      <color_rgb r='128' g='0' b='0'/>
    </cuboid>   
    
    <cuboid>
      <ID value='box14'/>
      <mass value='0.01'/>
      <size x='0.05' y='0.05' z='0.05'/>
      <pos x='1.6' y='1.6' z='0.025'/>
      <rot_deg x='0' y='0' z='0'/>
      <color_rgb r='128' g='0' b='0'/>
    </cuboid> 
    
    <cuboid>
      <ID value='box15'/>
      <mass value='0.01'/>
      <size x='0.05' y='0.05' z='0.05'/>
      <pos x='1.4' y='1.6' z='0.025'/>
      <rot_deg x='0' y='0' z='0'/>
      <color_rgb r='128' g='0' b='0'/>
    </cuboid> 
    
    <cuboid>
      <ID value='box16'/>
      <mass value='0.01'/>
      <size x='0.05' y='0.05' z='0.05'/>
      <pos x='1.6' y='1.2' z='0.025'/>
      <rot_deg x='0' y='0' z='0'/>
      <color_rgb r='128' g='0' b='0'/>
    </cuboid>                          
      
  <!--<cuboid>
    <ID value='Wall1-1'/>
    <mass value='3'/>
    <size x='0.1' y='0.3' z='1.3'/>
    <pos x='2' y='-0.4' z='0.65'/>
    <rot_deg x='0' y='0' z='90'/>
    <color_rgb r='0' g='128' b='0'/>
  </cuboid>
  <cuboid>
    <ID value='Wall1-2'/>
    <mass value='3'/>
    <size x='0.1' y='0.3' z='1.3'/>
    <pos x='2' y='-1.6' z='0.65'/>
    <rot_deg x='0' y='0' z='90'/>
    <color_rgb r='0' g='128' b='0'/>
  </cuboid>
  <cuboid>
  <ID value='Wall1-3'/>
    <mass value='3'/>
    <size x='1.3' y='0.3' z='0.1'/>
    <pos x='2' y='-1' z='1.35'/>
    <rot_deg x='0' y='0' z='90'/>
    <color_rgb r='0' g='128' b='0'/>
  </cuboid>

  <cuboid>
    <ID value='Wall2-1'/>
    <mass value='2'/>
    <size x='0.1' y='2.5' z='1'/>
    <pos x='-0.5' y='2' z='0.5'/>
    <rot_deg x='0' y='0' z='0'/>
    <color_rgb r='128' g='0' b='0'/>
  </cuboid>  
  <cuboid>
    <ID value='Wall2-2'/>
    <mass value='2'/>
    <size x='0.1' y='2.5' z='1'/>
    <pos x='0.5' y='2' z='0.5'/>
    <rot_deg x='0' y='0' z='0'/>
    <color_rgb r='128' g='0' b='0'/>
  </cuboid> 

  <cuboid>
    <ID value='T2'/>
    <mass value='0.8'/>
    <size x='0.2' y='0.2' z='0.15'/>
    <pos x='0' y='0.5' z='0.275'/>
    <rot_deg x='0' y='0' z='0'/>
    <color_rgb r='128' g='0' b='0'/>
    <surface mu='1e-5'/>
  </cuboid>

  <cuboid>
    <ID value='T3'/>
    <mass value='0.8'/>
    <size x='0.1' y='0.1' z='0.15'/>
    <pos x='0' y='0.5' z='0.575'/>
    <rot_deg x='0' y='0' z='0'/>
    <color_rgb r='128' g='0' b='0'/>
    <surface mu='100'/>
  </cuboid> 

  <cylinder>
    <ID value='C1'/>
    <mass value='0.5'/>
    <size x='0.1' y='0.3' z='0.2'/>
    <pos x='0' y='-1.5' z='0.1'/>
    <rot_deg x='0' y='0' z='0'/>
    <color_rgb r='64' g='64' b='64'/>
  </cylinder> -->
</things>

