<?xml version="1.0" ?>
<obstacles>
   <defines>
    <const name='cell_x' value='0.15' />
    <const name='cell_y' value='0.08' />
    
    <const name='wall_height' value='0.065' />
    <const name='wall_thickness'  value='0.02' />    
   </defines>
   

  <!-- Walls -->
  <!-- right -->
  <cuboid>
    <ID value='right_wall'/>
    <size x='wall_thickness' y='cell_y' z='wall_height'/>
    <pos x='-2 * cell_x' y='0' z='wall_height/2'/>
    <rot_deg x='0' y='0' z='0'/>
    <color_rgb r='30' g='144' b='255'/>
  </cuboid>
  <!-- left -->                
  <cuboid>
    <ID value='left_wall'/>
    <size x='wall_thickness' y='cell_y' z='wall_height'/>
    <pos x='2 * cell_x' y='0' z='wall_height/2'/>
    <rot_deg x='0' y='0' z='0'/>
    <color_rgb r='30' g='144' b='255'/>
  </cuboid>
  <!-- back -->
  <cuboid>
    <ID value='back_wall'/>
    <size x='4 * cell_x + wall_thickness' y='wall_thickness' z='wall_height'/>
    <pos x='0' y='cell_y/2' z='wall_height/2'/>
    <rot_deg x='0' y='0' z='0'/>
    <color_rgb r='30' g='144' b='255'/>
  </cuboid>
  
  <!-- Inside -->
  <!-- center wall -->                
  <cuboid>
    <ID value='inside_wall_1'/>
    <size x='wall_thickness' y='cell_y' z='wall_height'/>
    <pos x='-1 * cell_x' y='0' z='wall_height/2'/>
    <rot_deg x='0' y='0' z='0'/>
    <color_rgb r='30' g='144' b='255'/>
  </cuboid>
  <!-- center/right wall -->
  <cuboid>
    <ID value='inside_wall_2'/>
    <size x='wall_thickness' y='cell_y' z='wall_height'/>
    <pos x='0' y='0' z='wall_height/2'/>
    <rot_deg x='0' y='0' z='0'/>
    <color_rgb r='30' g='144' b='255'/>
  </cuboid>
  <!-- center/left wall -->
  <cuboid>
    <ID value='inside_wall_3'/>
    <size x='wall_thickness' y='cell_y' z='wall_height'/>
    <pos x='1 * cell_x' y='0' z='wall_height/2'/>
    <rot_deg x='0' y='0' z='0'/>
    <color_rgb r='30' g='144' b='255'/>
  </cuboid>

                  
</obstacles>
