,Average,,,,,Maximum,,,,
,|e_x| (m),|e_y| (m),|e_th| (deg),|e_dist| (m),|e_traj| (m),|e_x| (m),|e_y| (m),|e_th| (deg),|e_dist| (m),|e_traj| (m)
sq_0.5_3_gt.csv,0.00700114855121747,0.00864348634728434,0.577187181049188,0.0128047556943288,0.00735612766907894,0.0616727399799999,0.08425336361,9.34430762457248,0.0953615536145729,0.0559400339376224
sq_0.5_4_gt.csv,0.00505873878875303,0.00527259724997762,0.397251013149445,0.00879182351844113,0.00573158870680082,0.04788855076,0.05534080029,7.0902055798697,0.0634309728631719,0.0374818400706673
sq_0.5_5_gt.csv,0.00413980757314603,0.00367115317858052,0.254218967621894,0.00690064338050299,0.00511852888382969,0.0362273788499998,0.0306545639,5.04727394484111,0.0440209614908098,0.026971446409928
sq_0.5_6_gt.csv,0.00406178321688041,0.003453079110661,0.226846260380671,0.00663775375675033,0.005087580678141,0.0342364311200001,0.0379853323101983,4.48903766492046,0.0460138012901203,0.0322016407331936
sq_0.5_7_gt.csv,0.00425909858491362,0.00371411239910977,0.201225302461836,0.00695297955477317,0.00528878256676268,0.04251694679,0.0477726645767983,3.91144880565617,0.0588366328251422,0.0407479277878121
sq_0.5_8_gt.csv,0.00459443503307815,0.00423416283626769,0.174170870922695,0.00757178070062137,0.00564632912669255,0.0496640205400001,0.0564438551663983,3.23593308709889,0.070298207980349,0.0506125331894045
sq_0.5_9_gt.csv,0.00511199225119626,0.00491711047641917,0.16879879429093,0.00846692357357343,0.0061218107554856,0.0562275648099999,0.0642621293663983,2.92533908044337,0.080870564641659,0.0562588204403268
sq_0.5_10_gt.csv,0.00568743994112618,0.00566409728959182,0.168896054213315,0.00946827490920886,0.00664391074008956,0.0617249012000001,0.0707533732056983,2.80555421692772,0.0898032373030744,0.0635552722286473
sq_0.5_11_gt.csv,0.00628648210281562,0.00644713183557527,0.168448370514238,0.01051686782115,0.00719119926887215,0.06623864174,0.0762023255228983,2.68767914486615,0.0972894550911727,0.0702520184624545
sq_0.5_12_gt.csv,0.00688004071623582,0.0072535640830988,0.161808443765504,0.0115739422456785,0.0077522194836022,0.07000660896,0.0806051418184983,2.47214135139816,0.103490051844837,0.0739540656639597
sq_0.5_13_gt.csv,0.00749797788172286,0.00806720711217554,0.162908770511067,0.0126622896047583,0.00832501786096443,0.0730673074699999,0.0842360854148983,2.45566844846185,0.108606227196375,0.0776386459093966
sq_0.5_14_gt.csv,0.00810130251909527,0.00888895150457295,0.159404263705141,0.0137387597815285,0.00890599308549761,0.0756332874300001,0.0872103944420983,2.31150442145521,0.112860665695077,0.0814279569607079
sq_0.5_15_gt.csv,0.00871248999092077,0.00971128459079435,0.160052635025908,0.0148249151649449,0.0094919608889448,0.0777848959,0.0895945280789983,2.28302828789862,0.116347095968915,0.0845622681322095
sq_0.5_16_gt.csv,0.00931547875339483,0.0105323354031923,0.158173724189209,0.0158996313407579,0.0100783492473792,0.0795971155199999,0.0915639027952983,2.18983405506597,0.119254170970446,0.0872170659311289
sq_0.5_17_gt.csv,0.00990876889561372,0.011350543084971,0.154468262799634,0.0169635195622971,0.0106604806360695,0.08112883568,0.0932004302739983,2.05863164265104,0.121702568939526,0.0894781199804751
sq_0.5_18_gt.csv,0.0105073800734907,0.012166792352168,0.153457852867581,0.0180291154079418,0.0112494935561207,0.08246946335,0.0945890471338983,1.98089417852216,0.123811871807955,0.091187305469388
sq_0.75_3_gt.csv,0.0238199755881972,0.035212064941253,2.41775269911579,0.0454361591999643,0.0241701550907328,0.11730820656,0.200552278757,28.8547216560166,0.221376191638422,0.112628606403451
sq_0.75_4_gt.csv,0.020053668710159,0.0282104452953327,1.90538605137436,0.0372598125388611,0.0198025274282889,0.0988602113700001,0.15108893871,22.430093275333,0.167880057711704,0.0889607302330312
sq_0.75_5_gt.csv,0.0149910062747045,0.0221971321216202,2.10798580396984,0.0296374472064235,0.0147477377562858,0.0864232254000001,0.12600274563,18.4579560660481,0.138379458457807,0.0754473520099378
sq_0.75_6_gt.csv,0.0118669636815943,0.0164117937415829,1.78877796984865,0.0230367102043237,0.0113481536557137,0.0712849617,0.0951828241300001,12.3229766942392,0.105202195149386,0.052565781678615
sq_0.75_7_gt.csv,0.00954110406220839,0.0111581955617336,1.22078722977203,0.0170565677234143,0.00969217304595233,0.05991838455,0.0662445306800001,9.74130260629771,0.0752141293488587,0.0424221528597508
sq_0.75_8_gt.csv,0.00876526402261328,0.00787312506727765,0.950552593610136,0.0137937628307098,0.00926001595780701,0.0572609710700001,0.0481479167900001,9.23593015872536,0.0615835460035027,0.0459016513010164
sq_0.75_9_gt.csv,0.00876731635260421,0.00722466981517726,0.829340261397488,0.0133004375025797,0.00936722574105701,0.0575467348100001,0.0596081018400001,9.0092235025756,0.0733084853426299,0.0561967819915511
sq_0.75_10_gt.csv,0.00926203069472666,0.00800450975807149,0.810819966963576,0.0142964266228597,0.00982917998856531,0.0655943155300001,0.0695198774300001,9.28949626276743,0.0864174978282226,0.0639309084065647
sq_0.75_11_gt.csv,0.0096040073848085,0.00883508383006196,0.727171249721493,0.0152149979720285,0.0103022188216358,0.07322835922,0.07891774178,8.67453019039252,0.0986501311000941,0.0717115408060853
sq_0.75_12_gt.csv,0.0104944004926477,0.0100229482939118,0.765637515565798,0.0167874068448302,0.0110708537154343,0.0804331302600001,0.0875685214999999,8.98307181162797,0.11016439868032,0.079935412857381
sq_0.75_13_gt.csv,0.011633422382895,0.0113821984316742,0.84771249846516,0.0186996283707356,0.0120184697746942,0.0864347219499999,0.0953038930900001,9.68400021267444,0.120421424886572,0.0873471463178144
sq_0.75_14_gt.csv,0.0125317414786258,0.0126222486821019,0.860893596509078,0.0203340641482462,0.0128483023619086,0.0914298296,0.1020886898,9.73098301910268,0.129310139038762,0.0932561009654337
sq_0.75_15_gt.csv,0.0134205834915597,0.013865993121815,0.866685597209458,0.0219631840276387,0.0136841871151907,0.0958827734000001,0.10806918144,9.71232845901736,0.137318750668857,0.0981900395717291
sq_0.75_16_gt.csv,0.0143175457731345,0.0151611368667305,0.87036979723105,0.0236441664612044,0.014536607288743,0.0998533964199999,0.11330318451,9.66476860250023,0.1443874264516,0.103015957124331
sq_0.75_17_gt.csv,0.0153023929907268,0.016509623268637,0.891469709483119,0.0254274328367009,0.0154618477395333,0.10336363316,0.11799550056,9.80156942333513,0.150770801351424,0.108480647611675
sq_0.75_18_gt.csv,0.0161488380949833,0.0178773025691739,0.879037515112773,0.027119278879818,0.0163008266172085,0.10657930374,0.12201857567,9.6107848366908,0.15654111652928,0.113360729533752
sq_0.75_19_gt.csv,0.0170056101182536,0.0191901698928157,0.845838692394025,0.0287710749219822,0.0171823230409615,0.10947799683,0.12554550171,9.39748497377118,0.161777255115626,0.117792048829463
sq_0.75_20_gt.csv,0.0178650498612871,0.0205711515682764,0.827513938962042,0.0304676747633121,0.018054446542971,0.11198472977,0.12859678268,9.17619815361465,0.166324171050964,0.121736594858259
sq_0.75_21_gt.csv,0.018720418908354,0.0220267288557981,0.821652173159541,0.0322195432679422,0.0189462004811931,0.11421096325,0.131280303,8.96900296841576,0.170361004482536,0.124774744877682
sq_0.75_22_gt.csv,0.019603630060436,0.0233706359540912,0.80675053306109,0.0339094166231451,0.0198369032428583,0.11615800858,0.1336452961,8.80586618223364,0.173967221573827,0.126947810636358
sq_1.0_3_gt.csv,0.0578286316902323,0.0875522359617807,4.58284829986101,0.108906524480585,0.0576927736572035,0.24733370304,0.352702142,41.784663813643,0.384666145775638,0.181926211584298
sq_1.0_4_gt.csv,0.0476160942211327,0.0748946679794706,4.66640577419555,0.0924907770045393,0.0494251744073782,0.20882751465,0.302889906168,41.8214132221152,0.333295180080238,0.169614011897335
sq_1.0_5_gt.csv,0.0386633396902616,0.0624424871222485,5.06130684816591,0.077020823586866,0.0421556276239033,0.17103324413,0.266070618629,38.9549942838642,0.292968654095903,0.161983890067394
sq_1.0_6_gt.csv,0.0314924983555102,0.0508907226344462,5.04885294195211,0.0631113511172606,0.0349267285117721,0.13777584076,0.229150271416,35.7308290804964,0.250505868113738,0.144363885668404
sq_1.0_7_gt.csv,0.0264070039018927,0.0410682619918271,4.6233296760312,0.0519890048357479,0.0283416308342726,0.11344677448,0.19389146328,29.7352861160712,0.209363537642385,0.121633014047866
sq_1.0_8_gt.csv,0.0219599538634057,0.033472315878464,4.1558628935615,0.0430841599094406,0.0229289311545347,0.0990892457999999,0.163541254997,25.0660630118988,0.173701114767556,0.100375920892655
sq_1.0_9_gt.csv,0.0192103439523868,0.0268628298307948,3.61803217131883,0.0361630959825194,0.0192887143273396,0.08386574268,0.13676710844,19.7382055408947,0.143332933618039,0.0760356348693654
sq_1.0_10_gt.csv,0.017454587248767,0.0220880719191766,3.29604475406808,0.0312051925529826,0.0176323158077084,0.0796817731899999,0.11110724926,18.6403557644066,0.115613671391096,0.0706647120285952
sq_1.0_11_gt.csv,0.0173195845127127,0.0200941339733246,3.11586966620836,0.0295615282305298,0.0177329641388781,0.0864460468299999,0.090028594732,19.5663242013954,0.109220392382354,0.0752636996376111
sq_1.0_12_gt.csv,0.0176343253802699,0.0187947404608939,2.59737171843867,0.0285857845785373,0.0184367499514768,0.09341549873,0.0937013626100001,21.0256482445177,0.122137783710311,0.0857574398046823
sq_1.0_13_gt.csv,0.0189760611080047,0.0189277994012406,2.64776178357515,0.029398708690832,0.019981822683053,0.0995647907299999,0.10117709637,22.8303417069695,0.133914353748486,0.0933978313030166
sq_1.0_14_gt.csv,0.0199524539539648,0.0202509909688218,2.68084454013157,0.0311280055390498,0.0209902212424161,0.10640561581,0.110811494290999,23.1803225984271,0.145527057840334,0.100553718598171
sq_1.0_15_gt.csv,0.0213895742156732,0.0222714393331165,2.76303456072929,0.0336809678357778,0.0224388196632738,0.1133878231,0.121704585849999,23.6736318206934,0.156866747886769,0.107314561630557
sq_1.0_16_gt.csv,0.0229488357318165,0.0250113773683517,2.86078608327057,0.036838681870049,0.02412761752831,0.12041163445,0.130137816071999,24.4545304447454,0.168051031272424,0.114901778328043
sq_1.0_17_gt.csv,0.024497051155041,0.0272082229497014,2.88479281245633,0.0397262657528636,0.0256486981739229,0.12597548962,0.137312710284999,24.7639119558746,0.177490811333237,0.121752043911446
sq_1.0_18_gt.csv,0.0260812038684202,0.0294610410888573,2.87958399176683,0.0425575567426544,0.0271535473648833,0.13054907322,0.143673017620999,24.531476358788,0.185530533136933,0.128741517903469
sq_1.0_19_gt.csv,0.0277516811669786,0.0319708220686218,2.88411623570862,0.0455601575551139,0.028829999228808,0.13494515419,0.149483233689999,24.3042143288605,0.192979262651962,0.135902143079725
sq_1.0_20_gt.csv,0.0292118950026771,0.0341504584813432,2.79276428242696,0.0482714292472456,0.0302399449217058,0.13904583454,0.154691055416999,23.8979183644803,0.199786426510421,0.141857006399718
sq_1.0_21_gt.csv,0.0303781468703106,0.036342807601096,2.72628970466876,0.0507483345659282,0.0315971494495635,0.1426525116,0.159321740269999,23.892428574351,0.205935083929513,0.145430701341328
sq_1.0_22_gt.csv,0.0314384110840509,0.0381403386154786,2.72224937208921,0.0529188048840597,0.0327115651202191,0.14580345154,0.163644120096999,23.5083442486377,0.211394223254236,0.148903031770051
sq_1.0_23_gt.csv,0.0322251257464866,0.0399256165789954,2.80720549195064,0.0548753641931949,0.033815368798441,0.14804625511,0.167438715695999,23.8021440794227,0.21605091382137,0.153145748618111
sq_1.0_24_gt.csv,0.0335029912560159,0.0415659827340869,2.82452199100162,0.0569517503327912,0.0353147748953747,0.15046310425,0.170850411056999,23.8987505040313,0.220443362709733,0.157436028360237
sq-th_0.75_5_gt.csv,0.0164648941565783,0.0201100483264313,3.12034534410335,0.0274022322254431,0.0171834259436933,0.07799679756,0.106803948879,17.3967074433865,0.116526077232495,0.0708843522844397
sq-th_0.75_6_gt.csv,0.0137309239173699,0.0151975644737252,2.25541682902041,0.0216517756680199,0.014430431374942,0.0609112787199999,0.082559611797,12.3351102874714,0.0922700323767781,0.0549462678083699
sq-th_0.75_7_gt.csv,0.011664155224902,0.0123166463190334,1.68120957833254,0.01800715935881,0.0126231160753938,0.0486117696799999,0.065582480431,9.33087267235747,0.0740601980908857,0.0479756836796178
sq-th_0.75_8_gt.csv,0.0114220776759501,0.011848374049654,1.5919690262628,0.0174883748390798,0.0124491491308791,0.0529495477699999,0.062501456738,9.11846570950139,0.0699378950000233,0.0477793538264966
sq-th_0.75_9_gt.csv,0.0120656047233396,0.012455031422858,1.65856526745102,0.0184112307480908,0.013050328555209,0.0619614124300001,0.06714427471,9.70468863886035,0.0784839172145761,0.0581851364750916
sq-th_0.75_10_gt.csv,0.0126652418017752,0.0131336456975254,1.6663848273761,0.0193837601012081,0.013625308204006,0.07020628452,0.0761896371799999,9.99131238720375,0.0914935457497097,0.0672586339469867
sq-th_0.75_11_gt.csv,0.0133859474142613,0.0140633713965043,1.69993631978102,0.0206412247145219,0.0142471276879448,0.0778111219399999,0.0848097801200001,9.82904637534588,0.104233813601364,0.0752749236981649
sq-th_0.75_12_gt.csv,0.0141565669532055,0.0151657674409546,1.74763477847187,0.0220677600175578,0.0149143407575331,0.08377027512,0.09246098995,9.50876377533717,0.115631654275104,0.0824531062977003
sq-th_0.75_13_gt.csv,0.0149507609356391,0.0161918622953108,1.75612362917598,0.0234623773187534,0.0156524066738806,0.0891983509100001,0.09975349903,9.54707718973941,0.126188718104657,0.0891130852288388
sq-th_0.75_14_gt.csv,0.0159007694503114,0.0173882095445488,1.78859873931493,0.0251007197799678,0.0165288568061816,0.0942015647900001,0.10712242126,9.65518383150021,0.136447353396067,0.0971054043664277
sq-th_0.75_15_gt.csv,0.0167264297621725,0.0185800738493807,1.80658117901443,0.0266490867616054,0.0172814385415009,0.0997477099298932,0.11360657215,9.50517910448332,0.145686122129168,0.104743204920286
sq-th_0.75_16_gt.csv,0.0175124528947573,0.0197298092159734,1.80958351609595,0.0281350757530023,0.0180116402322026,0.105066761373993,0.11896204948,9.36935606127864,0.153579383153092,0.110089509005053
sq-th_0.75_17_gt.csv,0.0182185752857487,0.0207369441800916,1.78426635141956,0.0294551102379661,0.0186855964491145,0.109488196670993,0.12325620651,9.20098022814332,0.160069909542187,0.114675576070166
sq-th_0.75_18_gt.csv,0.0189514214639026,0.0217853669447145,1.77338668444157,0.0308267750242731,0.0193707381490894,0.113369658588993,0.12699317932,8.94800807237644,0.165751595279899,0.118851511852024
sq-th_0.75_19_gt.csv,0.019751041512894,0.022832873240593,1.77528620707792,0.0322412019856768,0.0201462315931273,0.116809830069993,0.13031578064,8.85836527230235,0.170807076208144,0.122499594086417
sq-th_0.75_20_gt.csv,0.0205922194373341,0.0239834655923417,1.79843171482222,0.0337637285959087,0.0209578989176289,0.119916886090993,0.1333309412,8.80886136460053,0.175422369759429,0.125848082425709
sq-th_0.75_21_gt.csv,0.0214287918230195,0.0250607200977539,1.81302015873444,0.0352310411997116,0.0217821671512181,0.122722782194993,0.13611936569,8.80415194619676,0.179622576894939,0.128965258361056
sq-th_0.75_22_gt.csv,0.0224638622821571,0.026355764153996,1.88362545481061,0.0369871685740136,0.0227731480026486,0.125265195965993,0.13860428333,9.04575251108625,0.183437986325013,0.131857984227495
8_r-1.0_0.75_5_gt.csv,0.00705074786651804,0.00785024513192269,0.35470933433537,0.0117577099309983,0.0103779495825069,0.0198818490299999,0.0221225693821825,0.845052365612212,0.02394508016987,0.02394508016987
8_r-1.0_0.75_6_gt.csv,0.0063368606572182,0.00639736249038267,0.353405349801064,0.0100183110582529,0.00874867717245835,0.019323128668,0.0206242159201,0.840106432505243,0.0222300111488792,0.0213741858468043
8_r-1.0_0.75_7_gt.csv,0.00595606146421295,0.00527855683785776,0.35333532748542,0.00882777934960964,0.00761142881996014,0.019134568448,0.0227828465594,0.842920971867593,0.0235485956216082,0.0199673479779592
8_r-1.0_0.75_8_gt.csv,0.00584287093864577,0.00507797746876885,0.351391230718256,0.00851292208653008,0.0072722769500638,0.0193945606399999,0.0239146344556,0.836281233304363,0.0242937791258842,0.0202630957273785
8_r-1.0_0.75_9_gt.csv,0.0060658888689663,0.00565400762454434,0.351558677027122,0.0092099815832101,0.0078789164723177,0.0198850129999999,0.0246085740818,0.834378628855257,0.0247911058105141,0.0204494287153054
8_r-1.0_0.75_10_gt.csv,0.00657519019738816,0.00688758016269107,0.351487675141137,0.0106742771712652,0.0091906761007658,0.0205031956089999,0.0249507494463,0.82812515378313,0.0250353609211352,0.0203444138346495
8_r-1.0_0.75_11_gt.csv,0.00736531665184762,0.00843381115702241,0.350474407142591,0.0125738894890555,0.0109095199505439,0.021339673766,0.0251511477126,0.835639263235553,0.0269780528105424,0.0208759907756056
8_r-1.0_0.75_12_gt.csv,0.00841524967724217,0.0100956242427433,0.349922026131923,0.0146911600909652,0.0128551651445456,0.023858675979,0.0249556370272,0.828432282944799,0.0295881733708602,0.0227341799410544
8_r-1.0_0.75_13_gt.csv,0.00954391112689107,0.0118556623641363,0.349569852760319,0.0169388584086717,0.0149319820163552,0.026364172123,0.025935643646,0.83488430809543,0.0322238323316795,0.0248843167543587
8_r-1.0_0.75_14_gt.csv,0.0107164228498459,0.0136724559603201,0.349195663387985,0.0192583262002546,0.0170851231276017,0.028835723422,0.028365310235,0.831089543083366,0.0349977192953555,0.0272984971743599
8_r-1.0_0.75_15_gt.csv,0.0119165004508152,0.015514980594208,0.348394757445405,0.021610492617463,0.0192735728600163,0.031199911855,0.030750866933,0.828610244501132,0.0377056198458614,0.0298201628703606
8_r-1.0_0.75_16_gt.csv,0.0131279466717368,0.0173958320048449,0.348725670044673,0.023982885173356,0.0214800415597866,0.033501724027,0.033044259949,0.834662449795881,0.040371422428372,0.032311304906131
8_r-1.0_0.75_17_gt.csv,0.0143548361475075,0.0192756885696578,0.349149024075618,0.0263713734248928,0.0236941135675994,0.035726467393,0.035362257142,0.840068670197687,0.0428651019417416,0.0353506698736394
8_r-1.0_0.75_18_gt.csv,0.0155888818894729,0.0211328148288991,0.34908856948887,0.0287494140507666,0.0259060686022107,0.03798189179,0.037672082596,0.839529242969888,0.0453039182621585,0.0384330081689858
8_r-1.0_0.75_19_gt.csv,0.0168271219620254,0.0229889151188439,0.350791716023437,0.0311281546650052,0.0281205372613513,0.040176087776,0.040203449346,0.834611527232188,0.0479410227820241,0.0414924267272437
8_r-1.0_0.75_20_gt.csv,0.0180631963547948,0.0248342272549492,0.351623349766875,0.0334930858918586,0.0303174651676344,0.042330318848,0.042532500841,0.834833186583602,0.0507029531904338,0.0445631969164211
8_r-1.0_0.75_21_gt.csv,0.0192984532238451,0.0266799864068357,0.351026837029138,0.0358448513920212,0.0324996100451212,0.0444321024156,0.045478894802,0.832483450168359,0.0535011632926255,0.0476347904840035
8_r-1.0_0.75_22_gt.csv,0.0205225044070068,0.0284980828107174,0.350945735213944,0.0381725612580274,0.0346557893011567,0.0465250599126,0.0484137679059999,0.83466235030176,0.055906996390054,0.0502976499359434
8_r-1.0_1.0_8_gt.csv,0.00841393644144009,0.00775286517226522,0.512431032879551,0.0127235002315433,0.011285448166639,0.025317269641,0.0281807080164,0.965731094694032,0.0302586865669313,0.0290927256901682
8_r-1.0_1.0_9_gt.csv,0.00817483726039416,0.00708627809762162,0.510627187772215,0.011919698403152,0.0105575755909039,0.0249162018910001,0.029130265887,0.93738767285344,0.0305443462504281,0.0296253935571673
8_r-1.0_1.0_10_gt.csv,0.00834917021067195,0.00729346003207553,0.507436219557143,0.0122381752923227,0.0108719518218458,0.0253345650000001,0.0296594433739,0.918260705135541,0.0306990783664796,0.0299454827310563
8_r-1.0_1.0_11_gt.csv,0.00889640831148665,0.0083071941274154,0.505595857135737,0.0135055971957638,0.0120635553131921,0.0261732937399999,0.0299517520025,0.906327028921612,0.0308090278929919,0.0302443120465823
8_r-1.0_1.0_12_gt.csv,0.009760418710632,0.00996357351825621,0.506081502411463,0.0155352249139241,0.0139460583309247,0.0282334091999998,0.0299056962385,0.914507225032853,0.0342340817029574,0.0312126543914216
8_r-1.0_1.0_13_gt.csv,0.0108803345920363,0.0119417751281444,0.508544017569695,0.0180661943674365,0.0162874034398086,0.031503508113,0.030240020951,0.896561992628016,0.0386549564014019,0.0324146944644105
8_r-1.0_1.0_14_gt.csv,0.0121977188934805,0.0141648623271374,0.516093801961701,0.020867129894476,0.0188765343914291,0.035106459878,0.033902076256,1.0260665810326,0.0433431226465169,0.0336715288236405
8_r-1.0_1.0_15_gt.csv,0.0136583919938639,0.0164975144317756,0.52427832704861,0.0238268378494748,0.0216295443048763,0.038657436393,0.037250668255,1.19469981358954,0.0477049521721033,0.0360086363463699
8_r-1.0_1.0_16_gt.csv,0.0151766210360214,0.0188885119722728,0.533279698449334,0.026858003499004,0.0244546709951549,0.042203719042,0.04037585899,1.40611107364169,0.0521350556318351,0.039561334382078
8_r-1.0_1.0_17_gt.csv,0.0167588952447231,0.0212503513486126,0.554084810151635,0.0299129991980914,0.0273084098000058,0.046057963989,0.043053836075,1.94179443362759,0.0570026724956489,0.042970720523848
8_r-1.0_1.0_18_gt.csv,0.0183645837388078,0.0236664747595294,0.561262488109896,0.0330201729787336,0.0302267784498969,0.049305359147,0.045107663122,2.13338911572434,0.0604591461389076,0.0469723877748953
8_r-1.0_1.0_19_gt.csv,0.0199886852322832,0.0260524078507754,0.573680831356213,0.0361268006115781,0.0331476823787562,0.052604476235,0.0486220268090001,2.39816928498578,0.0638525262145197,0.0510958596881555
8_r-1.0_1.0_20_gt.csv,0.0216083073178712,0.0284528654976838,0.58620964593613,0.0392313976950859,0.036062846834146,0.055858487509,0.0526455787500001,2.66556500370001,0.0672474642866722,0.0551568398438258
8_r-1.0_1.0_21_gt.csv,0.0232320238987359,0.0308318609726868,0.597816697200046,0.0423125544338435,0.0389665280534375,0.0590404411203,0.05677665747,2.93738248117476,0.070339149280749,0.0592307148308919
8_r-1.0_1.0_22_gt.csv,0.0248654595913321,0.0331742151969817,0.613615142540149,0.0453807883055113,0.0418549058648958,0.0625079115273,0.06071640528,3.29729419240187,0.0736680903596575,0.0633488595105151
sq_0.5_19_gt.csv,0.0110882595788568,0.0129742936692876,0.150467696973631,0.0190745365750762,0.0118260182966127,0.08358073235,0.0957280695437983,1.83951472584408,0.125543506584505,0.0925417622539164
sq_0.5_20_gt.csv,0.0116779720909448,0.0137879623037259,0.148861818038147,0.0201316110972852,0.0124099781700058,0.0845687389400001,0.0967177823185983,1.75456078582355,0.127077769361715,0.0936595069966871
sq_0.5_21_gt.csv,0.012256499332501,0.0145907826219454,0.148248917009382,0.0211739287290206,0.0129919981104218,0.08544123173,0.0975936651229983,1.66929605772141,0.128419947862523,0.0945590458558331
sq_0.5_22_gt.csv,0.0128323744784512,0.0153914370893517,0.148115330875437,0.02221150930228,0.0135716596900215,0.0861748457,0.0983321517705983,1.60945108393171,0.129574717978872,0.0953217521451884
sq-th_0.5_3_gt.csv,0.00767911549920672,0.00855533323362563,0.854581667022709,0.0123221081578391,0.00833912332777899,0.0568411683999999,0.06324904442,8.47148514157147,0.0789903510633842,0.0535490813571387
sq-th_0.5_4_gt.csv,0.00579433488233623,0.00618063222517545,0.558737738285574,0.00926204602393224,0.00657414368132111,0.0424142217599999,0.0474964714099999,6.30050970242704,0.0585288954156579,0.0359283988225449
sq-th_0.5_5_gt.csv,0.00490029490929227,0.00493599765845293,0.417917911848083,0.00771447583752817,0.00578029155248681,0.0327111816399999,0.0336212253599999,4.79495383335109,0.0411003924976642,0.0253188748418377
sq-th_0.5_6_gt.csv,0.0048272108744308,0.00465035622590235,0.374133844007899,0.00742067801652473,0.00572588270566837,0.03464102745,0.0381590016185983,4.12327936701733,0.0470455122606791,0.0322799942359013
sq-th_0.5_7_gt.csv,0.0049583413399573,0.00466786453322248,0.325095030434246,0.00752839250792803,0.00584257173278256,0.04313874245,0.0473672114312983,3.30991282653914,0.0596226042950262,0.0412765738273104
sq-th_0.5_8_gt.csv,0.00534133259975506,0.00504491018775122,0.309173408332487,0.00810701630031488,0.00619535054219835,0.05031788349,0.0551011301576983,2.96688274666975,0.0703861692011447,0.0501604106443751
sq-th_0.5_9_gt.csv,0.0058678055395399,0.00561736609363676,0.303475076596387,0.00894246989469407,0.00665468185625472,0.0560747385,0.0611723661400001,2.74829482208529,0.0789945907428374,0.0557779234700304
sq-th_0.5_10_gt.csv,0.00642758993713528,0.00628856896133683,0.301220663475599,0.00988534768939442,0.00715959254914884,0.06084764004,0.06847119331,2.57136493327654,0.0871875980189017,0.0614855424899695
sq-th_0.5_11_gt.csv,0.0070312547835677,0.0070240001566637,0.313212589531879,0.0109101423207046,0.00769132171052434,0.06591828167435,0.0743032693900001,2.45964212414057,0.0957467099664352,0.068435807079201
sq-th_0.5_12_gt.csv,0.00763573095217651,0.00777831963364629,0.323532100491778,0.0119519311367676,0.0082330804143828,0.07056123763315,0.07880496979,2.59429022107212,0.102535078583957,0.0731336433404143
sq-th_0.5_13_gt.csv,0.00823692772595256,0.00852763386716798,0.326494557309309,0.0129879997873739,0.00877911318805288,0.07452367246145,0.0826542377499999,2.73011575624213,0.108343636649817,0.0772985163175613
sq-th_0.5_14_gt.csv,0.00885255114855,0.00930139812423526,0.335982044555734,0.0140526006407166,0.00934675292941301,0.07789014279835,0.08596158028,2.84814976035029,0.113317008481772,0.0810703826539512
sq-th_0.5_15_gt.csv,0.00945770938914023,0.010082485965763,0.346931044724237,0.0151110882562139,0.00991495553421523,0.08075215667485,0.08881962299,2.95078409338248,0.117600497227409,0.0844813939089505
sq-th_0.5_16_gt.csv,0.0100814804040682,0.0108710365735467,0.362543780409701,0.016192195064121,0.0104956801140199,0.08322489261625,0.0912690162700001,3.03666082508152,0.121291608778466,0.0874921179594862
sq-th_0.5_17_gt.csv,0.0107055121068588,0.0116655826776247,0.377967653136303,0.017274214242356,0.0110817943058411,0.08537627011535,0.0933938026400001,3.10992425738455,0.124526058777342,0.0900121080762255
sq-th_0.5_18_gt.csv,0.0113253366435169,0.0124558581254763,0.391208200855993,0.018350253317715,0.0116710431925888,0.08715537935495,0.09518229961,3.1735316123138,0.127213845797196,0.0917082522917254
sq-th_0.5_19_gt.csv,0.0119362573298695,0.0132398886826403,0.408469280106283,0.0194163174188088,0.0122500585923016,0.08871848881235,0.09669446945,3.22649797284112,0.129550577762278,0.0931929378920666
sq-th_0.5_20_gt.csv,0.0125414628014366,0.0140331385604216,0.425292769286741,0.0204819121553495,0.0128334975993583,0.09003978222605,0.0979614257800001,3.27353987591252,0.131509761345298,0.0944777123475999
sq-th_0.5_21_gt.csv,0.0131391990590817,0.0148177826327407,0.443214174027642,0.0215342226739139,0.013412675077126,0.09119616448875,0.0990818738899999,3.31397924012953,0.13325447886478,0.0958105716303374
sq-th_0.5_22_gt.csv,0.0137371343176179,0.0156013327961795,0.460595487807504,0.0225846591157821,0.0139935014322015,0.09219062328335,0.10004234314,3.34732281472068,0.134745847650306,0.0970325412357815
sq-th_0.75_3_gt.csv,0.0228313685994323,0.0302620823377285,4.46132294090113,0.0402654171275647,0.0239248453828074,0.10956267357,0.176495008469,30.7681760489249,0.196975249018644,0.106680413843243
sq-th_0.75_4_gt.csv,0.0184757826407326,0.0239821574940105,3.68231990387192,0.0320440174952768,0.0193585404650177,0.09084815502,0.132875704765,22.2767322041803,0.143176648189514,0.0870547984522117
sq-th_1.0_3_gt.csv,0.0546275028241375,0.0764525949860562,9.77218849442918,0.099429283219056,0.0533516372703157,0.21868321896,0.319062451124,48.3180816968133,0.347615122343309,0.181481320058121
sq-th_1.0_4_gt.csv,0.0465677173528718,0.0646120067124253,9.30417572218758,0.0845638472452384,0.04687366644699,0.19447797298,0.272513837814,45.9646687813381,0.294336642815176,0.1591602812869
sq-th_1.0_5_gt.csv,0.0382248463052639,0.0546856285167759,8.54014504394735,0.0712896418726592,0.0389391945444355,0.16513397217,0.239349030256,41.9010903204283,0.254150785911254,0.14137066621736
sq-th_1.0_6_gt.csv,0.0287423131957901,0.0448676288428165,7.60107096874647,0.0574836145153747,0.0308580055807116,0.13453588963,0.208659186363,37.0685562387573,0.217950676785076,0.122612855912371
sq-th_1.0_7_gt.csv,0.024060766833121,0.037230749064918,6.68195223001859,0.0479028311785309,0.0262559448486075,0.11491928577,0.182031764984,31.8203110335427,0.18756835563674,0.107886352399873
sq-th_1.0_8_gt.csv,0.0220692800409867,0.0310620945865665,5.66399887841047,0.0408426888904369,0.0240250962079054,0.09358519554,0.155758872032,26.3338415135606,0.162761969106589,0.0905368170543668
sq-th_1.0_9_gt.csv,0.0210188413858046,0.0261277796221198,4.67940803129648,0.0356554363303743,0.0226479983246907,0.07660669327,0.126727020741,20.9475375589584,0.135580772932718,0.075494880416303
sq-th_1.0_10_gt.csv,0.0208881285303553,0.0242405235269211,4.25977922552915,0.0339264190864257,0.0224116145009864,0.0827380418799999,0.112162268162,18.2813610897433,0.121764957041973,0.0712667057455066
sq-th_1.0_11_gt.csv,0.0217578588205343,0.025707366807675,4.51697233838047,0.0358217581566122,0.0236650363398389,0.0954045057299999,0.121846034527,20.7589597690521,0.131208132528535,0.0829122262681786
sq-th_1.0_12_gt.csv,0.0226157388837303,0.0273990201594972,4.66166974218266,0.0378513238536884,0.0244916153548462,0.10716676712,0.133395485878,22.1123304387414,0.142320481110355,0.0955165170609527
sq-th_1.0_13_gt.csv,0.0235909054027869,0.0284682365188462,4.72708438996984,0.0393491362732741,0.0254825041643937,0.1152946949,0.1299604702,21.5358286131115,0.147543401341252,0.1051370258327
sq-th_1.0_14_gt.csv,0.0246557759697757,0.0297369953432125,4.78698248638766,0.0411297590801829,0.026389076976332,0.12200295925,0.130384140015,21.6766285202461,0.159115615523784,0.112398992089399
sq-th_1.0_15_gt.csv,0.0257353752722016,0.0313120607131835,4.89256345108643,0.0431639516994878,0.0273579741701804,0.12817084789,0.132818670273,22.1512870357401,0.169853964934838,0.119024418815994
sq-th_1.0_16_gt.csv,0.0268709026860082,0.0325379651521471,4.9739682972796,0.0449204093721379,0.0284848143387019,0.13346850872,0.13724839687,21.739527795712,0.179306565821589,0.125222345476883
sq-th_1.0_17_gt.csv,0.0278948639925029,0.0337818065328169,5.0170999155534,0.0466588370956797,0.0295006460866444,0.13830959797,0.14331114292,21.5415120809092,0.188157540371839,0.131219163297059
sq-th_1.0_18_gt.csv,0.0288535478973547,0.0349542478631474,5.02528439795697,0.0482893016305226,0.0304704008211508,0.14269220829,0.14901673794,21.2363934681365,0.196258427775657,0.137328827517853
sq-th_1.0_19_gt.csv,0.029800093695529,0.0363564313329,5.11885696785677,0.0500651151164196,0.0315998642519849,0.14656555653,0.15404772758,20.9406515864771,0.203798219976102,0.142954315190205
sq-th_1.0_20_gt.csv,0.0308956196896267,0.0380473289804517,5.27877231899322,0.0521576796560069,0.0329037933219914,0.15075182915,0.15883791447,21.1177834718488,0.21126163220305,0.146937209193353
sq-th_1.0_21_gt.csv,0.0320396006597232,0.039623119483789,5.40949537675734,0.0543775625598278,0.0341853119414292,0.15442359447,0.1628639698,21.044305465419,0.217917468693654,0.150659286064729
sq-th_1.0_22_gt.csv,0.0330479213492716,0.0413683429311763,5.57107409236302,0.05654052298316,0.0354416291143819,0.15764355659,0.1668189764,21.3388380721536,0.224059368392424,0.154027216834142
sq-th_1.0_23_gt.csv,0.0340733175140462,0.0435310814780873,5.7927279455356,0.0590476316993763,0.0368336493631551,0.1608954668,0.17019355297,21.8988003522697,0.229954853808657,0.15760737612457
sq-th_1.0_24_gt.csv,0.0351466404426546,0.0454887425000165,5.97289915716811,0.0615156939572508,0.0381950860270542,0.16370368004,0.17318665981,22.7528616719873,0.23521194205999,0.160820015257482
8_r-1.0_0.5_3_gt.csv,0.00506547913212112,0.00587124777563629,0.217538581183452,0.00866290623008143,0.00753066343544187,0.0139305575999997,0.0210832785813128,0.766684201614669,0.021923105107468,0.0162467728550671
8_r-1.0_0.5_4_gt.csv,0.0044676667058068,0.00481729806509672,0.217933047163475,0.00733450505668405,0.00630369455992369,0.0133792433799997,0.0178338185206,0.766646821722064,0.0183122342730364,0.0158355513111742
8_r-1.0_0.5_5_gt.csv,0.00408118334934073,0.00398487737272639,0.217870093641406,0.00636056922879703,0.00537150649439563,0.0130412978600001,0.0198959306135,0.764634962976221,0.0199733171644659,0.0150427357385653
8_r-1.0_0.5_6_gt.csv,0.00394633077603574,0.00358342270691648,0.217052341874711,0.00591473179149889,0.00492503211572561,0.013168780168,0.0208444230511,0.766698226349528,0.0208557558943251,0.0152940562459766
8_r-1.0_0.5_7_gt.csv,0.00401606624803346,0.00375537213234763,0.217342720821834,0.00613182644390241,0.00508046415792514,0.0135816337160001,0.0209967203691,0.763808856773995,0.0209969870431037,0.0153873875640593
8_r-1.0_0.5_8_gt.csv,0.00429129959992288,0.00440744240482304,0.217197000168645,0.00690499437280412,0.00575494717166218,0.0141694868910001,0.0205906190231,0.765859530047195,0.0205907970622509,0.015485259883001
8_r-1.0_0.5_9_gt.csv,0.00475908583234404,0.00538276352821364,0.217047142183964,0.00805211120165856,0.00678456816431092,0.014788002288,0.019947343345,0.762401325583422,0.0204533248783728,0.0156831055836991
8_r-1.0_0.5_10_gt.csv,0.00538784315716343,0.00648939180732376,0.216808112669309,0.00941139128365355,0.00802345115275493,0.016059497617,0.0192703880504,0.764898448882662,0.020479157656865,0.0159890163925045
8_r-1.0_0.5_11_gt.csv,0.00611813613676375,0.00764842773272162,0.216544186195565,0.0108839536580798,0.00938117581593543,0.017727354787,0.018794260919103,0.764377146315276,0.0222622929332855,0.0167464200364246
8_r-1.0_0.5_12_gt.csv,0.00689441442450906,0.00884976363229203,0.216627588766817,0.012419138696134,0.0108049757632667,0.019333312533,0.019799621775703,0.762119605220667,0.0240577516391768,0.0187509824664989
8_r-1.0_0.5_13_gt.csv,0.00769156917312773,0.0100706598467684,0.216263211124603,0.0139872537432631,0.0122638533429786,0.020888755343,0.021383021644,0.765468719081745,0.0258510401322218,0.020567516252789
8_r-1.0_0.5_14_gt.csv,0.0085003491668821,0.0113168969151294,0.216103346776348,0.0155722382501768,0.0137380575576613,0.0224907909873,0.02298694914,0.763020130493021,0.0276228327927165,0.0216946684891293
8_r-1.0_0.5_15_gt.csv,0.00931956949057926,0.0125741053404033,0.216382134019545,0.0171654230913109,0.0152178056969814,0.0240466584803,0.02462785011,0.765916056682435,0.0293746820837534,0.0235817951064925
8_r-1.0_0.5_16_gt.csv,0.0101406138036801,0.013828589198069,0.216047462830698,0.0187603182095253,0.0166970164031537,0.0255445679073,0.026217416579,0.763012937082388,0.0309840988851435,0.0255986555106969
8_r-1.0_0.5_17_gt.csv,0.0109639235174301,0.0150710021077255,0.216390223428167,0.0203481197417024,0.0181750366542088,0.0270136063343,0.027800681103,0.763293041050989,0.0326427043599403,0.0276628227319251
8_r-1.0_0.5_18_gt.csv,0.0117895695567065,0.0163041117167424,0.216999275063131,0.0219326890531157,0.0196441891453491,0.0284724742599,0.02933976783,0.765870322194281,0.0342977087866589,0.0296756291608791
8_r-1.0_0.5_19_gt.csv,0.0126156311015616,0.0175248685376177,0.216961841300536,0.0235081779744704,0.0211041484510057,0.0299262911509,0.030920825736,0.764245676874918,0.03584662944486,0.0316233730519052
8_r-1.0_0.5_20_gt.csv,0.0134345393151124,0.0187356375694272,0.216654898773043,0.025070513761695,0.0225473078945783,0.0313267395329,0.032339118259,0.765693912740507,0.0376111727542904,0.0333704469637352
8_r-1.0_0.5_21_gt.csv,0.0142526686444449,0.0199379883633059,0.216534338360806,0.0266208772348221,0.0239733515213489,0.0327052981089,0.0344069288459999,0.766185642446532,0.0395007402993372,0.0351247496947248
8_r-1.0_0.5_22_gt.csv,0.0150664339621328,0.0211287575811711,0.216134961156665,0.0281587907001045,0.0253779090813799,0.0340647831989,0.036497594088,0.76566695950521,0.0413461203336865,0.0368738783057809
8_r-1.0_0.75_3_gt.csv,0.00915733868785025,0.0113164855333969,0.353506468067181,0.0161897114626388,0.0144059755475518,0.0228949500858,0.0281418394296825,0.836018398438406,0.03183278395375,0.0263066461258828
8_r-1.0_0.75_4_gt.csv,0.00801247932223123,0.00947735227392132,0.354500180625614,0.0138386653743919,0.012291225186642,0.0207735170399999,0.0260111577808825,0.845038605967736,0.0286506044347623,0.0251704702135104
8_r-1.0_1.0_3_gt.csv,0.0143505371096837,0.0187861079377511,0.531491680976871,0.0260927963215026,0.0232568429942989,0.0373475247364,0.040458241814,1.09384926846239,0.0473580419813538,0.04106085720961
8_r-1.0_1.0_4_gt.csv,0.0127020050201338,0.0161495805892905,0.527415752245931,0.022743637413327,0.0203182488447929,0.0334916630129,0.036207417363,1.08720072837361,0.0428368771191302,0.0377519210726801
8_r-1.0_1.0_5_gt.csv,0.0112359415195362,0.0137270920054651,0.52303836231511,0.0196647222419038,0.0175989106989963,0.0296657116453,0.031903586767,1.02539197246309,0.0383308976740857,0.0357133056605937
8_r-1.0_1.0_6_gt.csv,0.00999538210190149,0.0114606261683589,0.519597570150641,0.0168735832939051,0.0150795829987985,0.0276528949530001,0.0291644912212475,1.0214382394456,0.0344253095589184,0.0344253095589184
8_r-1.0_1.0_7_gt.csv,0.00904526206410431,0.00938366298574707,0.516356580818627,0.014485918879886,0.0129037566507966,0.0263031636300001,0.0269053783267475,0.988967786661269,0.0308910853409796,0.0308910853409796
8_r-1.0_1.0_23_gt.csv,0.0264893888099318,0.0355096222239792,0.625905485323548,0.0484338309337364,0.0447139988265663,0.0658627887613,0.0646398214180001,3.6049670072684,0.0768772691372059,0.0669251472906414
8_r-1.0_1.0_24_gt.csv,0.0280914107541729,0.0378432443722029,0.630950708641318,0.0514700345393272,0.0475444381511327,0.0688800354843,0.0685414818610001,3.76155998018036,0.0794542268167443,0.0704610870565576
sq-th_0.75_8_gt_noff.csv,0.0590974453396717,0.0686813250878677,3.36542549515683,0.116687981945945,0.0138385171823125,0.18932527542,0.23661886692,16.1022782874846,0.237699646820148,0.0497490576597626
