METADATA,
,Tscript (s),wmax (bool),wmax (rad/s),L (m),wh D (m),ctrlMode,robpCtrlMode,FREQDIVPOSCTRL,feed-forward (bool),
General,0.04,OFF,0,0.195,0.102,cmRobP,pcmTXT,4,ON,
,ri (ohm),ki (Nm/A),vmax (V),imax (A),n:1 (gear),bv (dynamic),fc (static),kc (V / rad/s),ti (s),
Motor,0.6,0.3624,24,6,1,0.001316282616,0.80734166,0.547956859752217,0.208736119092,
Robot,(v):,(vn):,(w):,
kp,1,1,1,
tau (s),0.129073,0.12807,0.099488,
kc,4.41720255758906,4.38287737598437,3.40472947905,
td (s),0.0696893946987155,0.067916405015357,0.00236792968416664,
,Filename,Nfuture,Npoly,Nudiv,
pcmTxt,,5,2,0,
DATA,
time (s),time w/ T*4 (s),traj (bool),v_m1 (V),v_m2 (V),v_m3 (V),odo_m1 (tcks/cyc),odo_m2 (tcks/cyc),odo_m3 (tcks/cyc),w_m1 (rad/s),w_m2 (rad/s),w_m3 (rad/s),w_r_m1 (rad/s),w_r_m2 (rad/s),w_r_m3 (rad/s),w_e_m1 (rad/s),w_e_m2 (rad/s),w_e_m3 (rad/s),w_eint_m1 (rad/s),w_eint_m2 (rad/s),w_eint_m3 (rad/s),v_rob (m/s),vn_rob (m/s),w_rob (rad/s),v_r_rob (m/s),vn_r_rob (m/s),w_r_rob (rad/s),v_pd_r_rob (m/s),vn_pd_r_rob (m/s),w_pd_r_rob (rad/s),v_ff_r_rob (m/s),vn_ff_r_rob (m/s),w_ff_r_rob (rad/s),px_loc (m),py_loc (m),pth_loc (rad),px_r_loc (m),py_r_loc (m),pth_r_loc (rad),px_r_1deriv_loc,py_r_1deriv_loc,pth_r_1deriv_loc,px_r_2deriv_loc,py_r_2deriv_loc,pth_r_2deriv_loc,px_e_loc (m),py_e_loc (m),pth_e_loc (rad),px_e_1deriv_loc,py_e_1deriv_loc,pth_e_1deriv_loc,px_gt (m),py_gt (m),pth_gt (rad),px_odo (m),py_odo (m),pth_odo (rad),px (m),py (m),pth (rad),px_r (m),py_r (m),pth_r (rad),px_r_1deriv,py_r_1deriv,pth_r_1deriv,px_r_2deriv,py_r_2deriv,pth_r_2deriv,xvel,i_global,u_ref,
7.24,0,0,0,0,0,0,-1,-5,0,-0.0127831732324,-0.0639158661619,0,0,0,0,0,0,0,0,0,0.000376398793847,0.00195582550455,-0.00668658292155,0,0,0,0,0,0,0,0,0,0.000444994216299,-0.999804045669,0.000851214030869,0,0,0,0,0,0,0,0,0,0,0,0,0,0,0,0.0012960411841,-0.999803304672,0.000851214030869,-0.00115691323838,0.0000956932720612,0.000490349414244,0.0012960411841,-0.999803304672,0.000851214030869,0,0,0,0,0,0,0,0,0,
7.28,0,0,0,0,0,-1,1,2,-0.0127831732324,0.0127831732324,0.0255663464648,0,0,0,0,0,0,0,0,0,-0.000752797587695,-0.000869255779802,0.00222886097385,0,0,0,0,0,0,0,0,0,0.000442707695563,-0.999771106809,0.000869989486781,0,0,0,0,0,0,0,0,0,0,0,0,0,0,0,0.00131249777041,-0.999770343304,0.000869989486781,-0.00118700498734,0.0000609055967559,0.000579503853198,0.00131249777041,-0.999770343304,0.000869989486781,0,0,0,0,0,0,0,0,0,
7.32,0,0,0,0,0,1,0,-1,0.0127831732324,0,-0.0127831732324,0,0,0,0,0,0,0,0,0,0.000376398793847,0.000651941834851,0,0,0,0,0,0,0,0,0,0,0.000451164291148,-0.999778206177,0.000869274231329,0,0,0,0,0,0,0,0,0,0,0,0,0,0,0,0.00132024544291,-0.999777436256,0.000869274231329,-0.00117196415022,0.0000869919907528,0.000579503853198,0.00132024544291,-0.999777436256,0.000869274231329,0,0,0,0,0,0,0,0,0,
7.36,0,0,0,0,0,1,0,-1,0.0127831732324,0,-0.0127831732324,0,0,0,0,0,0,0,0,0,0.000376398793847,0.000651941834851,0,0,0,0,0,0,0,0,0,0,0.000459474653114,-0.999798722482,0.000873088927064,0,0,0,0,0,0,0,0,0,0,0,0,0,0,0,0.00133238756098,-0.999797940254,0.000873088927064,-0.00115692331311,0.00011307838475,0.000579503853198,0.00133238756098,-0.999797940254,0.000873088927064,0,0,0,0,0,0,0,0,0,
7.4,0,0,0,0,0,-1,0,0,-0.0127831732324,0,0,0,0,0,0,0,0,0,0,0,-0.000376398793847,-0.00021731394495,-0.00111443048693,0,0,0,0,0,0,0,0,0,0.000475560472091,-0.99982127555,0.000879347464611,0,0,0,0,0,0,0,0,0,0,0,0,0,0,0,0.00135475047864,-0.99982047081,0.000879347464611,-0.00117197461283,0.000104377774367,0.000534926633721,0.00135475047864,-0.99982047081,0.000879347464611,0,0,0,0,0,0,0,0,0,
7.44,0,0,0,0,0,0,-1,11,0,-0.0127831732324,0.140614905556,0,0,0,0,0,0,0,0,0,0.000376398793847,-0.00499822073386,0.0111443048693,0,0,0,0,0,0,0,0,0,0.000497468805534,-0.999803051279,0.000876069210306,0,0,0,0,0,0,0,0,0,0,0,0,0,0,0,0.00137336517219,-0.999802231789,0.000876069210306,-0.0011567225985,-0.0000955361918378,0.000980698828492,0.00137336517219,-0.999802231789,0.000876069210306,0,0,0,0,0,0,0,0,0,
7.48,0,0,0,0,0,-2,1,-7,-0.0255663464648,0.0127831732324,-0.0894822126267,0,0,0,0,0,0,0,0,0,-0.00112919638154,0.00282508128436,-0.0089154438954,0,0,0,0,0,0,0,0,0,0.000463284256172,-0.999798618425,0.000881910515984,0,0,0,0,0,0,0,0,0,0,0,0,0,0,0,0.00134501687717,-0.999797821045,0.000881910515984,-0.00120196096792,0.00001743884853,0.000624081072676,0.00134501687717,-0.999797821045,0.000881910515984,0,0,0,0,0,0,0,0,0,
7.52,0,0,0,0,0,2,-1,3,0.0255663464648,-0.0127831732324,0.0383495196971,0,0,0,0,0,0,0,0,0,0.00112919638154,-0.00108656972475,0.0044577219477,0,0,0,0,0,0,0,0,0,0.000419505074206,-0.999787137426,0.000883221765129,0,0,0,0,0,0,0,0,0,0,0,0,0,0,0,0.00130253855605,-0.999786376953,0.000883221765129,-0.00115675825315,-0.000025987684182,0.000802389950584,0.00130253855605,-0.999786376953,0.000883221765129,0,0,0,0,0,0,0,0,0,
7.56,0,0,0,0,0,-1,2,0,-0.0127831732324,0.0255663464648,0,0,0,0,0,0,0,0,0,0,-0.00112919638154,0.00021731394495,0.00111443048693,0,0,0,0,0,0,0,0,0,0.000450381870627,-0.999788480935,0.000886917251752,0,0,0,0,0,0,0,0,0,0,0,0,0,0,0,0.00133711122908,-0.999787688255,0.000886917251752,-0.00120193345452,-0.0000173333851885,0.000846967170061,0.00133711122908,-0.999787688255,0.000886917251752,0,0,0,0,0,0,0,0,0,
7.6,0,0,0,0,0,1,-2,-2,0.0127831732324,-0.0255663464648,-0.0255663464648,0,0,0,0,0,0,0,0,0,0.00112919638154,0.000651941834851,-0.00334329146078,0,0,0,0,0,0,0,0,0,0.000492399970528,-0.999773327909,0.000893354604221,0,0,0,0,0,0,0,0,0,0,0,0,0,0,0,0.0013855517609,-0.999772489071,0.000893354604221,-0.0011567842103,8.77649686886E-6,0.00071323551163,0.0013855517609,-0.999772489071,0.000893354604221,0,0,0,0,0,0,0,0,0,
7.64,0,0,0,0,0,1,1,3,0.0127831732324,0.0127831732324,0.0383495196971,0,0,0,0,0,0,0,0,0,0,-0.000869255779802,0.00557215243463,0,0,0,0,0,0,0,0,0,0.000500666355771,-0.999772917729,0.000893116185719,0,0,0,0,0,0,0,0,0,0,0,0,0,0,0,0.00139357941225,-0.999772071838,0.000893116185719,-0.00115675166114,-0.0000259937190163,0.000936121609016,0.00139357941225,-0.999772071838,0.000893116185719,0,0,0,0,0,0,0,0,0,
7.68,0,0,0,0,0,-1,0,0,-0.0127831732324,0,0,0,0,0,0,0,0,0,0,0,-0.000376398793847,-0.00021731394495,-0.00111443048693,0,0,0,0,0,0,0,0,0,0.000467864051574,-0.999786644501,0.000883817758681,0,0,0,0,0,0,0,0,0,0,0,0,0,0,0,0.0013514929451,-0.999785840511,0.000883817758681,-0.00117179985711,-0.0000346996964064,0.000891544389539,0.0013514929451,-0.999785840511,0.000883817758681,0,0,0,0,0,0,0,0,0,
7.72,0,0,0,0,0,0,0,-7,0,0,-0.0894822126267,0,0,0,0,0,0,0,0,0,0,0.00304239522931,-0.00780101340848,0,0,0,0,0,0,0,0,0,0.000454349137894,-0.999776859466,0.000885367531558,0,0,0,0,0,0,0,0,0,0,0,0,0,0,0,0.00133951881435,-0.99977606535,0.000885367531558,-0.0011718703803,0.0000869960918379,0.000579503853199,0.00133951881435,-0.99977606535,0.000885367531558,0,0,0,0,0,0,0,0,0,
7.76,0,0,0,0,0,0,0,6,0,0,0.0766990393943,0,0,0,0,0,0,0,0,0,0,-0.00260776733941,0.00668658292155,0,0,0,0,0,0,0,0,0,0.000454018626014,-0.999770449538,0.000905871575463,0,0,0,0,0,0,0,0,0,0,0,0,0,0,0,0.00135968194809,-0.999769628048,0.000905871575463,-0.00117178203257,-0.0000173145640136,0.000846967170061,0.00135968194809,-0.999769628048,0.000905871575463,0,0,0,0,0,0,0,0,0,
7.8,0,0,0,0,0,1,0,-3,0.0127831732324,0,-0.0383495196971,0,0,0,0,0,0,0,0,0,0.000376398793847,0.00152119761465,-0.00222886097385,0,0,0,0,0,0,0,0,0,0.000460801693465,-0.999790306401,0.000907600055467,0,0,0,0,0,0,0,0,0,0,0,0,0,0,0,0.00136821111664,-0.999789476395,0.000907600055467,-0.00115677219646,0.0000435447326713,0.000757812731107,0.00136821111664,-0.999789476395,0.000907600055467,0,0,0,0,0,0,0,0,0,
7.84,0,0,0,0,0,0,0,-2,0,0,-0.0255663464648,0,0,0,0,0,0,0,0,0,0,0.000869255779802,-0.00222886097385,0,0,0,0,0,0,0,0,0,0.000447672589298,-0.999825232458,0.000914692950746,0,0,0,0,0,0,0,0,0,0,0,0,0,0,0,0.0013622053666,-0.999824404716,0.000914692950746,-0.00115679544586,0.0000783149560789,0.000668658292153,0.0013622053666,-0.999824404716,0.000914692950746,0,0,0,0,0,0,0,0,0,
7.88,0,0,0,0,0,-1,0,0,-0.0127831732324,0,0,0,0,0,0,0,0,0,0,0,-0.000376398793847,-0.00021731394495,-0.00111443048693,0,0,0,0,0,0,0,0,0,0.0004297448275,-0.999799102975,0.000910043844904,0,0,0,0,0,0,0,0,0,0,0,0,0,0,0,0.00133960554376,-0.999798297882,0.000910043844904,-0.00117184596982,0.0000696130038405,0.000624081072676,0.00133960554376,-0.999798297882,0.000910043844904,0,0,0,0,0,0,0,0,0,
7.92,0,0,0,0,0,1,0,-1,0.0127831732324,0,-0.0127831732324,0,0,0,0,0,0,0,0,0,0.000376398793847,0.000651941834851,0,0,0,0,0,0,0,0,0,0,0.000413483251124,-0.99977865652,0.000919640188685,0,0,0,0,0,0,0,0,0,0,0,0,0,0,0,0.001332919579,-0.999777853489,0.000919640188685,-0.00115680629558,0.0000957000682901,0.000624081072676,0.001332919579,-0.999777853489,0.000919640188685,0,0,0,0,0,0,0,0,0,
7.96,0,0,0,0,0,0,1,10,0,0.0127831732324,0.127831732324,0,0,0,0,0,0,0,0,0,-0.000376398793847,-0.00412896495406,0.0122587353562,0,0,0,0,0,0,0,0,0,0.000477059498003,-0.999748681489,0.000924825845658,0,0,0,0,0,0,0,0,0,0,0,0,0,0,0,0.00140165258199,-0.999747812748,0.000924825845658,-0.0011716781801,-0.0000694752044658,0.00111443048692,0.00140165258199,-0.999747812748,0.000924825845658,0,0,0,0,0,0,0,0,0,
8,0,0,0,0,0,-1,-1,-10,-0.0127831732324,-0.0127831732324,-0.127831732324,0,0,0,0,0,0,0,0,0,0,0.00391165100911,-0.0133731658431,0,0,0,0,0,0,0,0,0,0.000474281690393,-0.999772838335,0.000938713666503,0,0,0,0,0,0,0,0,0,0,0,0,0,0,0,0.00141278177034,-0.999771952629,0.000938713666503,-0.00117176885277,0.0000869908077604,0.0005795038532,0.00141278177034,-0.999771952629,0.000938713666503,0,0,0,0,0,0,0,0,0,
8.04,0,0,0,0,0,0,1,1,0,0.0127831732324,0.0127831732324,0,0,0,0,0,0,0,0,0,-0.000376398793847,-0.00021731394495,0.00222886097385,0,0,0,0,0,0,0,0,0,0.000441440760618,-0.999784469001,0.000923395279684,0,0,0,0,0,0,0,0,0,0,0,0,0,0,0,0.0013646367006,-0.999783635139,0.000923395279684,-0.0011868189888,0.0000782881846223,0.000668658292154,0.0013646367006,-0.999783635139,0.000923395279684,0,0,0,0,0,0,0,0,0,
8.08,0,0,0,0,0,0,-1,1,0,-0.0127831732324,0.0127831732324,0,0,0,0,0,0,0,0,0,0.000376398793847,-0.000651941834851,0,0,0,0,0,0,0,0,0,0,0.000435396422736,-0.999772258117,0.000933408855553,0,0,0,0,0,0,0,0,0,0,0,0,0,0,0,0.00136859237682,-0.999771416187,0.000933408855553,-0.00117174560336,0.0000522205843442,0.000668658292154,0.00136859237682,-0.999771416187,0.000933408855553,0,0,0,0,0,0,0,0,0,
8.12,0,0,0,0,0,1,0,5,0.0127831732324,0,0.0639158661619,0,0,0,0,0,0,0,0,0,0.000376398793847,-0.00195582550455,0.00668658292155,0,0,0,0,0,0,0,0,0,0.000432189027689,-0.999780554059,0.000943541640468,0,0,0,0,0,0,0,0,0,0,0,0,0,0,0,0.00137552327942,-0.999779701233,0.000943541640468,-0.00115661642264,-0.0000259983071264,0.000936121609016,0.00137552327942,-0.999779701233,0.000943541640468,0,0,0,0,0,0,0,0,0,
8.16,0,0,0,0,0,-1,0,-5,-0.0127831732324,0,-0.0639158661619,0,0,0,0,0,0,0,0,0,-0.000376398793847,0.00195582550455,-0.00668658292155,0,0,0,0,0,0,0,0,0,0.000453218676897,-0.999801726497,0.000938475303972,0,0,0,0,0,0,0,0,0,0,0,0,0,0,0,0.00139150756877,-0.999800860882,0.000938475303972,-0.00117172468213,0.0000522246280472,0.000668658292154,0.00139150756877,-0.999800860882,0.000938475303972,0,0,0,0,0,0,0,0,0,
8.2,0,0,0,0,0,0,0,2,0,0,0.0255663464648,0,0,0,0,0,0,0,0,0,0,-0.000869255779802,0.00222886097385,0,0,0,0,0,0,0,0,0,0.000452761286507,-0.999777063296,0.000948190913574,0,0,0,0,0,0,0,0,0,0,0,0,0,0,0,0.00140074046794,-0.999776184559,0.000948190913574,-0.00117169833281,0.0000174544068506,0.000757812731108,0.00140074046794,-0.999776184559,0.000948190913574,0,0,0,0,0,0,0,0,0,
8.24,0,0,0,0,0,0,2,-4,0,0.0255663464648,-0.0511326929295,0,0,0,0,0,0,0,0,0,-0.000752797587695,0.0021731394495,-0.00222886097385,0,0,0,0,0,0,0,0,0,0.000419070610039,-0.999759268181,0.000947475545148,0,0,0,0,0,0,0,0,0,0,0,0,0,0,0,0.00136631773785,-0.999758422375,0.000947475545148,-0.00120186835308,0.000104359830797,0.000668658292154,0.00136631773785,-0.999758422375,0.000947475545148,0,0,0,0,0,0,0,0,0,
8.28,0,0,0,0,0,1,-2,-1,0.0127831732324,-0.0255663464648,-0.0127831732324,0,0,0,0,0,0,0,0,0,0.00112919638154,0.00021731394495,-0.00222886097385,0,0,0,0,0,0,0,0,0,0.000429515248649,-0.999802432269,0.00094777362472,0,0,0,0,0,0,0,0,0,0,0,0,0,0,0,0.00137710128911,-0.999801576138,0.00094777362472,-0.00115670554279,0.000113078562077,0.0005795038532,0.00137710128911,-0.999801576138,0.00094777362472,0,0,0,0,0,0,0,0,0,
8.32,0,0,0,0,0,-1,0,1,-0.0127831732324,0,0.0127831732324,0,0,0,0,0,0,0,0,0,-0.000376398793847,-0.000651941834851,0,0,0,0,0,0,0,0,0,0,0.000474359757276,-0.999788972166,0.000925123758485,0,0,0,0,0,0,0,0,0,0,0,0,0,0,0,0.00139928795397,-0.999788105488,0.000925123758485,-0.00117174637991,0.0000869921680805,0.0005795038532,0.00139928795397,-0.999788105488,0.000925123758485,0,0,0,0,0,0,0,0,0,
8.36,0,0,0,0,0,0,0,1,0,0,0.0127831732324,0,0,0,0,0,0,0,0,0,0,-0.000434627889901,0.00111443048693,0,0,0,0,0,0,0,0,0,0.000435899927356,-0.999772588374,0.000956416294499,0,0,0,0,0,0,0,0,0,0,0,0,0,0,0,0.00139209837653,-0.999771714211,0.000956416294499,-0.00117173553018,0.0000696070558715,0.000624081072677,0.00139209837653,-0.999771714211,0.000956416294499,0,0,0,0,0,0,0,0,0,
8.4,0,0,0,0,0,0,1,0,0,0.0127831732324,0,0,0,0,0,0,0,0,0,0,-0.000376398793847,0.00021731394495,0.00111443048693,0,0,0,0,0,0,0,0,0,0.000459562372849,-0.999756614215,0.000940263386546,0,0,0,0,0,0,0,0,0,0,0,0,0,0,0,0.00139959657099,-0.999755740166,0.000940263386546,-0.00118679729092,0.0000782895444393,0.000668658292154,0.00139959657099,-0.999755740166,0.000940263386546,0,0,0,0,0,0,0,0,0,
8.44,0,0,0,0,0,0,0,7,0,0,0.0894822126267,0,0,0,0,0,0,0,0,0,0,-0.00304239522931,0.00780101340848,0,0,0,0,0,0,0,0,0,0.000426381672792,-0.999769671458,0.000965655067869,0,0,0,0,0,0,0,0,0,0,0,0,0,0,0,0.0013918139739,-0.999768793583,0.000965655067869,-0.001186677944,-0.0000434062057176,0.000980698828494,0.0013918139739,-0.999768793583,0.000965655067869,0,0,0,0,0,0,0,0,0,
8.48,0,0,0,0,0,1,0,-1,0.0127831732324,0,-0.0127831732324,0,0,0,0,0,0,0,0,0,0.000376398793847,0.000651941834851,0,0,0,0,0,0,0,0,0,0,0.000444674152361,-0.999775094077,0.000952065270813,0,0,0,0,0,0,0,0,0,0,0,0,0,0,0,0.00139652495272,-0.999774217606,0.000952065270813,-0.00117164757383,-0.000017313779512,0.000980698828494,0.00139652495272,-0.999774217606,0.000952065270813,0,0,0,0,0,0,0,0,0,
8.52,0,0,0,0,0,0,1,-5,0,0.0127831732324,-0.0639158661619,0,0,0,0,0,0,0,0,0,-0.000376398793847,0.00239045339446,-0.0044577219477,0,0,0,0,0,0,0,0,0,0.000467813090525,-0.999768165336,0.000968158404246,0,0,0,0,0,0,0,0,0,0,0,0,0,0,0,0.00143574667163,-0.999767243862,0.000968158404246,-0.00118678024374,0.0000782922446156,0.000802389950585,0.00143574667163,-0.999767243862,0.000968158404246,0,0,0,0,0,0,0,0,0,
8.56,0,0,0,0,0,0,-1,-1,0,-0.0127831732324,-0.0127831732324,0,0,0,0,0,0,0,0,0,0.000376398793847,0.00021731394495,-0.00222886097385,0,0,0,0,0,0,0,0,0,0.000422374564492,-0.999770034836,0.000972569145909,0,0,0,0,0,0,0,0,0,0,0,0,0,0,0,0.00139471970033,-0.999769151211,0.000972569145909,-0.00117173049566,0.0000869955386383,0.000713235511631,0.00139471970033,-0.999769151211,0.000972569145909,0,0,0,0,0,0,0,0,0,
8.6,0,0,0,0,0,0,0,-2,0,0,-0.0255663464648,0,0,0,0,0,0,0,0,0,0,0.000869255779802,-0.00222886097385,0,0,0,0,0,0,0,0,0,0.000409346290647,-0.999766268141,0.000973344005927,0,0,0,0,0,0,0,0,0,0,0,0,0,0,0,0.00138246244751,-0.999765396118,0.000973344005927,-0.0011717521951,0.000121765763048,0.000624081072677,0.00138246244751,-0.999765396118,0.000973344005927,0,0,0,0,0,0,0,0,0,
8.64,0,0,0,0,0,0,0,1,0,0,0.0127831732324,0,0,0,0,0,0,0,0,0,0,-0.000434627889901,0.00111443048693,0,0,0,0,0,0,0,0,0,0.000413002917561,-0.999763420782,0.000980615710667,0,0,0,0,0,0,0,0,0,0,0,0,0,0,0,0.00139338627923,-0.999762535095,0.000980615710667,-0.0011717405704,0.00010438065134,0.000668658292154,0.00139338627923,-0.999762535095,0.000980615710667,0,0,0,0,0,0,0,0,0,
8.68,0,0,0,0,0,0,0,1,0,0,0.0127831732324,0,0,0,0,0,0,0,0,0,0,-0.000434627889901,0.00111443048693,0,0,0,0,0,0,0,0,0,0.000451902364135,-0.999794917599,0.00097179428589,0,0,0,0,0,0,0,0,0,0,0,0,0,0,0,0.00142349698581,-0.999794006348,0.00097179428589,-0.00117172817072,0.000086995540167,0.000713235511631,0.00142349698581,-0.999794006348,0.00097179428589,0,0,0,0,0,0,0,0,0,
8.72,0,0,0,0,0,0,0,5,0,0,0.0639158661619,0,0,0,0,0,0,0,0,0,0,-0.0021731394495,0.00557215243463,0,0,0,0,0,0,0,0,0,0.000441173084983,-0.999772476792,0.000958264094792,0,0,0,0,0,0,0,0,0,0,0,0,0,0,0,0.00139921880327,-0.999771595001,0.000958264094792,-0.00117164679782,7.00004541771E-8,0.000936121609016,0.00139921880327,-0.999771595001,0.000958264094792,0,0,0,0,0,0,0,0,0,
8.76,0,0,0,0,0,-1,0,-4,-0.0127831732324,0,-0.0511326929295,0,0,0,0,0,0,0,0,0,-0.000376398793847,0.00152119761465,-0.00557215243463,0,0,0,0,0,0,0,0,0,0.000438586212096,-0.999744298779,0.000970721402784,0,0,0,0,0,0,0,0,0,0,0,0,0,0,0,0.00140905904118,-0.999743402004,0.000970721402784,-0.0011867461446,0.000060907150999,0.000713235511631,0.00140905904118,-0.999743402004,0.000970721402784,0,0,0,0,0,0,0,0,0,
8.8,0,0,0,0,0,0,0,-3,0,0,-0.0383495196971,0,0,0,0,0,0,0,0,0,0,0.0013038836697,-0.00334329146078,0,0,0,0,0,0,0,0,0,0.000454549163277,-0.999759806314,0.00096708546349,0,0,0,0,0,0,0,0,0,0,0,0,0,0,0,0.00142140197568,-0.999758899212,0.00096708546349,-0.00118677636882,0.000113062488991,0.0005795038532,0.00142140197568,-0.999758899212,0.00096708546349,0,0,0,0,0,0,0,0,0,
8.84,0,0,0,0,0,0,0,1,0,0,0.0127831732324,0,0,0,0,0,0,0,0,0,0,-0.000434627889901,0.00111443048693,0,0,0,0,0,0,0,0,0,0.000456901562622,-0.999773052828,0.000975489772125,0,0,0,0,0,0,0,0,0,0,0,0,0,0,0,0.00143216957804,-0.999772131443,0.000975489772125,-0.0011867655191,0.0000956773767817,0.000624081072677,0.00143216957804,-0.999772131443,0.000975489772125,0,0,0,0,0,0,0,0,0,
8.88,0,0,0,0,0,1,0,2,0.0127831732324,0,0.0255663464648,0,0,0,0,0,0,0,0,0,0.000376398793847,-0.000651941834851,0.00334329146078,0,0,0,0,0,0,0,0,0,0.000445449955676,-0.999753865532,0.000987112672206,0,0,0,0,0,0,0,0,0,0,0,0,0,0,0,0.00143231928814,-0.999752938747,0.000987112672206,-0.00117168980969,0.0000696111204858,0.000757812731108,0.00143231928814,-0.999752938747,0.000987112672206,0,0,0,0,0,0,0,0,0,
8.92,0,0,0,0,0,0,0,9,0,0,0.115048559091,0,0,0,0,0,0,0,0,0,0,-0.00391165100911,0.0100298743823,0,0,0,0,0,0,0,0,0,0.000420546566861,-0.999765008701,0.00100243105806,0,0,0,0,0,0,0,0,0,0,0,0,0,0,0,0.0014227416832,-0.999764084816,0.00100243105806,-0.00117150846438,-0.0000868548137388,0.0011590077064,0.0014227416832,-0.999764084816,0.00100243105806,0,0,0,0,0,0,0,0,0,
8.96,0,0,0,0,0,0,0,-9,0,0,-0.115048559091,0,0,0,0,0,0,0,0,0,0,0.00391165100911,-0.0100298743823,0,0,0,0,0,0,0,0,0,0.000414815818575,-0.999778152413,0.000985980184517,0,0,0,0,0,0,0,0,0,0,0,0,0,0,0,0.00140057690442,-0.999777257442,0.000985980184517,-0.00117162703633,0.0000696111806485,0.000757812731107,0.00140057690442,-0.999777257442,0.000985980184517,0,0,0,0,0,0,0,0,0,
9,0,0,0,0,0,0,0,2,0,0,0.0255663464648,0,0,0,0,0,0,0,0,0,0,-0.000869255779802,0.00222886097385,0,0,0,0,0,0,0,0,0,0.000420950621507,-0.999768948876,0.00100654371636,0,0,0,0,0,0,0,0,0,0,0,0,0,0,0,0.00142726139165,-0.999768018723,0.00100654371636,-0.00117159758709,0.0000348409619392,0.000846967170061,0.00142726139165,-0.999768018723,0.00100654371636,0,0,0,0,0,0,0,0,0,
9.04,0,0,0,0,0,0,0,-1,0,0,-0.0127831732324,0,0,0,0,0,0,0,0,0,0,0.000434627889901,-0.00111443048693,0,0,0,0,0,0,0,0,0,0.000438423408004,-0.999781528034,0.000996112969009,0,0,0,0,0,0,0,0,0,0,0,0,0,0,0,0.00143431837205,-0.999780595303,0.000996112969009,-0.00117161153673,0.0000522260719373,0.000802389950584,0.00143431837205,-0.999780595303,0.000996112969009,0,0,0,0,0,0,0,0,0,
9.08,0,0,0,0,0,-2,0,6,-0.0255663464648,0,0.0766990393943,0,0,0,0,0,0,0,0,0,-0.000752797587695,-0.00304239522931,0.0044577219477,0,0,0,0,0,0,0,0,0,0.000440138738318,-0.999762937282,0.000999033535542,0,0,0,0,0,0,0,0,0,0,0,0,0,0,0,0.00143893505447,-0.999761998653,0.000999033535542,-0.0012016040788,-0.0000694992092558,0.000980698828493,0.00143893505447,-0.999761998653,0.000999033535542,0,0,0,0,0,0,0,0,0,
9.12,0,0,0,0,0,2,0,-3,0.0255663464648,0,-0.0383495196971,0,0,0,0,0,0,0,0,0,0.000752797587695,0.0017385115596,-0.00111443048693,0,0,0,0,0,0,0,0,0,0.000440950281214,-0.999729091668,0.00100529201957,0,0,0,0,0,0,0,0,0,0,0,0,0,0,0,0.0014459695667,-0.999728143215,0.00100529201957,-0.00117155728681,6.94110520706E-8,0.000936121609016,0.0014459695667,-0.999728143215,0.00100529201957,0,0,0,0,0,0,0,0,0,
9.16,0,0,0,0,0,0,1,-9,0,0.0127831732324,-0.115048559091,0,0,0,0,0,0,0,0,0,-0.000376398793847,0.00412896495406,-0.0089154438954,0,0,0,0,0,0,0,0,0,0.000408288223029,-0.999742133854,0.00102049131639,0,0,0,0,0,0,0,0,0,0,0,0,0,0,0,0.00142851599958,-0.999741196632,0.00102049131639,-0.00118670894599,0.000165219255626,0.000579503853199,0.00142851599958,-0.999741196632,0.00102049131639,0,0,0,0,0,0,0,0,0,
9.2,0,0,0,0,0,0,0,4,0,0,0.0511326929295,0,0,0,0,0,0,0,0,0,0,-0.0017385115596,0.0044577219477,0,0,0,0,0,0,0,0,0,0.000385653899921,-0.999824131908,0.00102412719787,0,0,0,0,0,0,0,0,0,0,0,0,0,0,0,0.00140960060526,-0.999823212624,0.00102412719787,-0.00118665624735,0.0000956788133014,0.000757812731107,0.00140960060526,-0.999823212624,0.00102412719787,0,0,0,0,0,0,0,0,0,
9.24,0,0,0,0,0,-1,-1,-1,-0.0127831732324,-0.0127831732324,-0.0127831732324,0,0,0,0,0,0,0,0,0,0,0,-0.00334329146078,0,0,0,0,0,0,0,0,0,0.000457393053964,-0.999785048071,0.000985384138365,0,0,0,0,0,0,0,0,0,0,0,0,0,0,0,0.00144256500062,-0.999784111977,0.000985384138365,-0.00118665624735,0.0000956788133014,0.000624081072676,0.00144256500062,-0.999784111977,0.000985384138365,0,0,0,0,0,0,0,0,0,
9.28,0,0,0,0,0,0,0,3,0,0,0.0383495196971,0,0,0,0,0,0,0,0,0,0,-0.0013038836697,0.00334329146078,0,0,0,0,0,0,0,0,0,0.000429790308076,-0.99971425908,0.00101929922409,0,0,0,0,0,0,0,0,0,0,0,0,0,0,0,0.00144879787695,-0.999713301659,0.00101929922409,-0.00118661672337,0.000043523481528,0.000757812731107,0.00144879787695,-0.999713301659,0.00101929922409,0,0,0,0,0,0,0,0,0,
9.32,0,0,0,0,0,1,1,-3,0.0127831732324,0.0127831732324,-0.0383495196971,0,0,0,0,0,0,0,0,0,0,0.0017385115596,-0.00111443048693,0,0,0,0,0,0,0,0,0,0.000407334566224,-0.999723587505,0.00101465000364,0,0,0,0,0,0,0,0,0,0,0,0,0,0,0,0.00142170372419,-0.999722659588,0.00101465000364,-0.00118666632209,0.000113063926219,0.00071323551163,0.00142170372419,-0.999722659588,0.00101465000364,0,0,0,0,0,0,0,0,0,
9.36,0,0,0,0,0,0,0,2,0,0,0.0255663464648,0,0,0,0,0,0,0,0,0,0,-0.000869255779802,0.00222886097385,0,0,0,0,0,0,0,0,0,0.000400728338801,-0.999803046357,0.00102347154711,0,0,0,0,0,0,0,0,0,0,0,0,0,0,0,0.00142399792094,-0.999802112579,0.00102347154711,-0.00118663842281,0.0000782937062311,0.000802389950584,0.00142399792094,-0.999802112579,0.00102347154711,0,0,0,0,0,0,0,0,0,
9.4,0,0,0,0,0,0,0,0,0,0,0,0,0,0,0,0,0,0,0,0,0,0,0,0,0,0,0,0,0,0,0,0,0.000440727571397,-0.999806104134,0.00100767632406,0,0,0,0,0,0,0,0,0,0,0,0,0,0,0,0.00144820811693,-0.999805152416,0.00100767632406,-0.00118663842281,0.0000782937062311,0.000802389950584,0.00144820811693,-0.999805152416,0.00100767632406,0,0,0,0,0,0,0,0,0,
9.44,0,0,0,0,0,0,1,6,0,0.0127831732324,0.0766990393943,0,0,0,0,0,0,0,0,0,-0.000376398793847,-0.00239045339446,0.00780101340848,0,0,0,0,0,0,0,0,0,0.000420336530904,-0.999752049992,0.00102704782396,0,0,0,0,0,0,0,0,0,0,0,0,0,0,0,0.00144712929614,-0.999751091003,0.00102704782396,-0.00120158780541,-0.0000173411485905,0.00111443048692,0.00144712929614,-0.999751091003,0.00102704782396,0,0,0,0,0,0,0,0,0,
9.48,0,0,0,0,0,-2,-1,1,-0.0255663464648,-0.0127831732324,0.0127831732324,0,0,0,0,0,0,0,0,0,-0.000376398793847,-0.00108656972475,-0.00222886097385,0,0,0,0,0,0,0,0,0,0.000414039160866,-0.999746142919,0.00102722657657,0,0,0,0,0,0,0,0,0,0,0,0,0,0,0,0.00144100456964,-0.999745190144,0.00102722657657,-0.0012165991879,-0.0000608193512264,0.00102527604797,0.00144100456964,-0.999745190144,0.00102722657657,0,0,0,0,0,0,0,0,0,
9.52,0,0,0,0,0,2,0,-9,0.0255663464648,0,-0.115048559091,0,0,0,0,0,0,0,0,0,0.000752797587695,0.00434627889901,-0.00780101340848,0,0,0,0,0,0,0,0,0,0.000411076236126,-0.999750731236,0.00102847833469,0,0,0,0,0,0,0,0,0,0,0,0,0,0,0,0.00143929780461,-0.999749779701,0.00102847833469,-0.00118661128898,0.000113053236686,0.00071323551163,0.00143929780461,-0.999749779701,0.00102847833469,0,0,0,0,0,0,0,0,0,
9.56,0,0,0,0,0,0,1,0,0,0.0127831732324,0,0,0,0,0,0,0,0,0,0,-0.000376398793847,0.00021731394495,0.00111443048693,0,0,0,0,0,0,0,0,0,0.000370584661996,-0.999774558324,0.00104755174826,0,0,0,0,0,0,0,0,0,0,0,0,0,0,0,0.00141789985355,-0.999773621559,0.00104755174826,-0.00120167382374,0.000121734382397,0.000757812731107,0.00141789985355,-0.999773621559,0.00104755174826,0,0,0,0,0,0,0,0,0,
9.6,0,0,0,0,0,0,-1,2,0,-0.0127831732324,0.0255663464648,0,0,0,0,0,0,0,0,0,0.000376398793847,-0.00108656972475,0.00111443048693,0,0,0,0,0,0,0,0,0,0.000399989360975,-0.999757746386,0.00102371002659,0,0,0,0,0,0,0,0,0,0,0,0,0,0,0,0.00142345100176,-0.999756813049,0.00102371002659,-0.00118658300273,0.0000782836881446,0.000802389950584,0.00142345100176,-0.999756813049,0.00102371002659,0,0,0,0,0,0,0,0,0,
9.64,0,0,0,0,0,-2,1,6,-0.0255663464648,0.0127831732324,0.0766990393943,0,0,0,0,0,0,0,0,0,-0.00112919638154,-0.00282508128436,0.00557215243463,0,0,0,0,0,0,0,0,0,0.000404682471675,-0.999744844397,0.00104278350392,0,0,0,0,0,0,0,0,0,0,0,0,0,0,0,0.00144719949458,-0.999743878841,0.00104278350392,-0.00123163497465,-0.0000347658131137,0.00102527604797,0.00144719949458,-0.999743878841,0.00104278350392,0,0,0,0,0,0,0,0,0,
9.68,0,0,0,0,0,2,-1,-6,0.0255663464648,-0.0127831732324,-0.0766990393943,0,0,0,0,0,0,0,0,0,0.00112919638154,0.00282508128436,-0.00557215243463,0,0,0,0,0,0,0,0,0,0.000437293407516,-0.999749280874,0.00103718060821,0,0,0,0,0,0,0,0,0,0,0,0,0,0,0,0.00147421355359,-0.999748289585,0.00103718060821,-0.00118655780669,0.0000782736438784,0.000802389950584,0.00147421355359,-0.999748289585,0.00103718060821,0,0,0,0,0,0,0,0,0,
9.72,0,0,0,0,0,0,0,1,0,0,0.0127831732324,0,0,0,0,0,0,0,0,0,0,-0.000434627889901,0.00111443048693,0,0,0,0,0,0,0,0,0,0.000420488191903,-0.999766567209,0.00104975718131,0,0,0,0,0,0,0,0,0,0,0,0,0,0,0,0.00146999990102,-0.999765574932,0.00104975718131,-0.00118654308207,0.0000608885345195,0.000846967170061,0.00146999990102,-0.999765574932,0.00104975718131,0,0,0,0,0,0,0,0,0,
9.76,0,0,0,0,0,0,1,7,0,0.0127831732324,0.0894822126267,0,0,0,0,0,0,0,0,0,-0.000376398793847,-0.00282508128436,0.0089154438954,0,0,0,0,0,0,0,0,0,0.000406687141723,-0.999757626461,0.00101840515487,0,0,0,0,0,0,0,0,0,0,0,0,0,0,0,0.00142484507523,-0.99975669384,0.00101840515487,-0.00120146301386,-0.0000521327555189,0.00120358492588,0.00142484507523,-0.99975669384,0.00101840515487,0,0,0,0,0,0,0,0,0,
9.8,0,0,0,0,0,0,0,-11,0,0,-0.140614905556,0,0,0,0,0,0,0,0,0,0,0.00478090678891,-0.0122587353562,0,0,0,0,0,0,0,0,0,0.000365563072434,-0.99974373366,0.00104486960318,0,0,0,0,0,0,0,0,0,0,0,0,0,0,0,0.00141016452108,-0.999742805958,0.00104486960318,-0.00120159941035,0.00013910346548,0.000713235511631,0.00141016452108,-0.999742805958,0.00104486960318,0,0,0,0,0,0,0,0,0,
9.84,0,0,0,0,0,-1,-1,4,-0.0127831732324,-0.0127831732324,0.0511326929295,0,0,0,0,0,0,0,0,0,0,-0.0021731394495,0.00222886097385,0,0,0,0,0,0,0,0,0,0.000401904818203,-0.99977076429,0.00103914756042,0,0,0,0,0,0,0,0,0,0,0,0,0,0,0,0.00144081376493,-0.999769806862,0.00103914756042,-0.00120152966214,0.0000521779155115,0.000802389950585,0.00144081376493,-0.999769806862,0.00103914756042,0,0,0,0,0,0,0,0,0,
9.88,0,0,0,0,0,1,0,3,0.0127831732324,0,0.0383495196971,0,0,0,0,0,0,0,0,0,0.000376398793847,-0.00108656972475,0.0044577219477,0,0,0,0,0,0,0,0,0,0.000426070489885,-0.999769118813,0.00103801507279,0,0,0,0,0,0,0,0,0,0,0,0,0,0,0,0.00146384548862,-0.999768137932,0.00103801507279,-0.00118643109375,8.7299128314E-6,0.000980698828494,0.00146384548862,-0.999768137932,0.00103801507279,0,0,0,0,0,0,0,0,0,
9.92,0,0,0,0,0,0,2,-4,0,0.0255663464648,-0.0511326929295,0,0,0,0,0,0,0,0,0,-0.000752797587695,0.0021731394495,-0.00222886097385,0,0,0,0,0,0,0,0,0,0.000391486039937,-0.999742342166,0.00105315458136,0,0,0,0,0,0,0,0,0,0,0,0,0,0,0,0.00144436885603,-0.999741375446,0.00105315458136,-0.00121662048328,0.0000956286101413,0.000891544389539,0.00144436885603,-0.999741375446,0.00105315458136,0,0,0,0,0,0,0,0,0,
9.96,0,0,0,0,0,0,-2,4,0,-0.0255663464648,0.0511326929295,0,0,0,0,0,0,0,0,0,0.000752797587695,-0.0021731394495,0.00222886097385,0,0,0,0,0,0,0,0,0,0.000391368997985,-0.99975139362,0.00104737305929,0,0,0,0,0,0,0,0,0,0,0,0,0,0,0,0.00143848126754,-0.999750435352,0.00104737305929,-0.00118642334646,8.73260469487E-6,0.000980698828494,0.00143848126754,-0.999750435352,0.00104737305929,0,0,0,0,0,0,0,0,0,
10,0,0,0,0,0,0,0,-7,0,0,-0.0894822126267,0,0,0,0,0,0,0,0,0,0,0.00304239522931,-0.00780101340848,0,0,0,0,0,0,0,0,0,0.000401723829239,-0.999763347015,0.00106221467149,0,0,0,0,0,0,0,0,0,0,0,0,0,0,0,0.00146368669812,-0.999762356281,0.00106221467149,-0.00118650471937,0.000130428386168,0.000668658292154,0.00146368669812,-0.999762356281,0.00106221467149,0,0,0,0,0,0,0,0,0,
10.04,0,0,0,0,0,0,1,1,0,0.0127831732324,0.0127831732324,0,0,0,0,0,0,0,0,0,-0.000376398793847,-0.00021731394495,0.00222886097385,0,0,0,0,0,0,0,0,0,0.000410618937452,-0.999765786867,0.00105309503952,0,0,0,0,0,0,0,0,0,0,0,0,0,0,0,0.00146346690599,-0.999764800072,0.00105309503952,-0.00120155407947,0.000121724421278,0.000757812731108,0.00146346690599,-0.999764800072,0.00105309503952,0,0,0,0,0,0,0,0,0,
10.08,0,0,0,0,0,0,-1,8,0,-0.0127831732324,0.102265385859,0,0,0,0,0,0,0,0,0,0.000376398793847,-0.00369433706416,0.00780101340848,0,0,0,0,0,0,0,0,0,0.000374918050548,-0.999722839783,0.00105720769462,0,0,0,0,0,0,0,0,0,0,0,0,0,0,0,0.00143183232285,-0.999721884727,0.00105720769462,-0.00118634004048,-0.0000260328684629,0.00106985326745,0.00143183232285,-0.999721884727,0.00105720769462,0,0,0,0,0,0,0,0,0,
10.12,0,0,0,0,0,0,0,-9,0,0,-0.115048559091,0,0,0,0,0,0,0,0,0,0,0.00391165100911,-0.0100298743823,0,0,0,0,0,0,0,0,0,0.000340741547632,-0.999752707608,0.00108695052193,0,0,0,0,0,0,0,0,0,0,0,0,0,0,0,0.00142742285971,-0.999751746655,0.00108695052193,-0.00118644466278,0.000130433135874,0.000668658292153,0.00142742285971,-0.999751746655,0.00108695052193,0,0,0,0,0,0,0,0,0,
10.16,0,0,0,0,0,0,1,5,0,0.0127831732324,0.0639158661619,0,0,0,0,0,0,0,0,0,-0.000376398793847,-0.00195582550455,0.00668658292155,0,0,0,0,0,0,0,0,0,0.000358354392005,-0.999766298098,0.00107407592602,0,0,0,0,0,0,0,0,0,0,0,0,0,0,0,0.00143217889126,-0.999765336514,0.00107407592602,-0.00120142737229,0.0000521860560038,0.000936121609016,0.00143217889126,-0.999765336514,0.00107407592602,0,0,0,0,0,0,0,0,0,
10.2,0,0,0,0,0,0,-1,0,0,-0.0127831732324,0,0,0,0,0,0,0,0,0,0,0.000376398793847,-0.00021731394495,-0.00111443048693,0,0,0,0,0,0,0,0,0,0.000374098924594,-0.999774190435,0.00107932113181,0,0,0,0,0,0,0,0,0,0,0,0,0,0,0,0.00145317590795,-0.999773204327,0.00107932113181,-0.00118636367672,0.0000435069247087,0.000891544389539,0.00145317590795,-0.999773204327,0.00107932113181,0,0,0,0,0,0,0,0,0,
10.24,0,0,0,0,0,0,0,2,0,0,0.0255663464648,0,0,0,0,0,0,0,0,0,0,-0.000869255779802,0.00222886097385,0,0,0,0,0,0,0,0,0,0.000381672932639,-0.999744578831,0.00108188413007,0,0,0,0,0,0,0,0,0,0,0,0,0,0,0,0.00146328029223,-0.999743580818,0.00108188413007,-0.0011863295776,8.73671024863E-6,0.000980698828493,0.00146328029223,-0.999743580818,0.00108188413007,0,0,0,0,0,0,0,0,0,
10.28,0,0,0,0,0,-1,2,-6,-0.0127831732324,0.0255663464648,-0.0766990393943,0,0,0,0,0,0,0,0,0,-0.00112919638154,0.00282508128436,-0.00557215243463,0,0,0,0,0,0,0,0,0,0.000358726498307,-0.999740932593,0.00109189776961,0,0,0,0,0,0,0,0,0,0,0,0,0,0,0,0.00145034096204,-0.999739944935,0.00109189776961,-0.00123158305509,0.000121705700169,0.000757812731107,0.00145034096204,-0.999739944935,0.00109189776961,0,0,0,0,0,0,0,0,0,
10.32,0,0,0,0,0,1,-1,2,0.0127831732324,-0.0127831732324,0.0255663464648,0,0,0,0,0,0,0,0,0,0.000752797587695,-0.000869255779802,0.00222886097385,0,0,0,0,0,0,0,0,0,0.000387944603307,-0.999733212716,0.00108975200354,0,0,0,0,0,0,0,0,0,0,0,0,0,0,0,0.00147740542889,-0.999732196331,0.00108975200354,-0.00120144171315,0.0000869609852502,0.000846967170061,0.00147740542889,-0.999732196331,0.00108975200354,0,0,0,0,0,0,0,0,0,
10.36,0,0,0,0,0,-1,0,3,-0.0127831732324,0,0.0383495196971,0,0,0,0,0,0,0,0,0,-0.000376398793847,-0.00152119761465,0.00222886097385,0,0,0,0,0,0,0,0,0,0.000382677642378,-0.999739592764,0.00109523556263,0,0,0,0,0,0,0,0,0,0,0,0,0,0,0,0.00147762754932,-0.999738574028,0.00109523556263,-0.00121644069727,0.0000260990131457,0.000936121609016,0.00147762754932,-0.999738574028,0.00109523556263,0,0,0,0,0,0,0,0,0,
10.4,0,0,0,0,0,0,-1,-5,0,-0.0127831732324,-0.0639158661619,0,0,0,0,0,0,0,0,0,0.000376398793847,0.00195582550455,-0.00668658292155,0,0,0,0,0,0,0,0,0,0.000392272104248,-0.999756813038,0.00108444719295,0,0,0,0,0,0,0,0,0,0,0,0,0,0,0,0.00147645513061,-0.99975579977,0.00108444719295,-0.00120143706008,0.000104342082892,0.000668658292153,0.00147645513061,-0.99975579977,0.00108444719295,0,0,0,0,0,0,0,0,0,
10.44,0,0,0,0,0,-1,0,5,-0.0127831732324,0,0.0639158661619,0,0,0,0,0,0,0,0,0,-0.000376398793847,-0.00239045339446,0.0044577219477,0,0,0,0,0,0,0,0,0,0.000365915076713,-0.999729385578,0.00109767935159,0,0,0,0,0,0,0,0,0,0,0,0,0,0,0,0.00146329693962,-0.999728381634,0.00109767935159,-0.00121641202101,8.71122964088E-6,0.000846967170061,0.00146329693962,-0.999728381634,0.00109767935159,0,0,0,0,0,0,0,0,0,
10.48,0,0,0,0,0,2,1,5,0.0255663464648,0.0127831732324,0.0639158661619,0,0,0,0,0,0,0,0,0,0.000376398793847,-0.00152119761465,0.0089154438954,0,0,0,0,0,0,0,0,0,0.000364789132431,-0.99973552755,0.00110036155896,0,0,0,0,0,0,0,0,0,0,0,0,0,0,0,0.00146485923324,-0.999734520912,0.00110036155896,-0.00120128284463,-0.0000521185094381,0.00120358492588,0.00146485923324,-0.999734520912,0.00110036155896,0,0,0,0,0,0,0,0,0,
10.52,0,0,0,0,0,0,0,-10,0,0,-0.127831732324,0,0,0,0,0,0,0,0,0,0,0.00434627889901,-0.0111443048693,0,0,0,0,0,0,0,0,0,0.000359504548255,-0.999775458873,0.00110173239928,0,0,0,0,0,0,0,0,0,0,0,0,0,0,0,0.00146098912228,-0.999774456024,0.00110173239928,-0.00120141459124,0.000121732595163,0.000757812731108,0.00146098912228,-0.999774456024,0.00110173239928,0,0,0,0,0,0,0,0,0,
10.56,0,0,0,0,0,0,-1,6,0,-0.0127831732324,0.0766990393943,0,0,0,0,0,0,0,0,0,0.000376398793847,-0.00282508128436,0.00557215243463,0,0,0,0,0,0,0,0,0,0.000349237727893,-0.999772711461,0.00110566630315,0,0,0,0,0,0,0,0,0,0,0,0,0,0,0,0.00145465228707,-0.999771714211,0.00110566630315,-0.00118624782462,8.74416371632E-6,0.000980698828494,0.00145465228707,-0.999771714211,0.00110566630315,0,0,0,0,0,0,0,0,0,
10.6,0,0,0,0,0,-1,0,0,-0.0127831732324,0,0,0,0,0,0,0,0,0,0,0,-0.000376398793847,-0.00021731394495,-0.00111443048693,0,0,0,0,0,0,0,0,0,0.000321469685224,-0.999750984825,0.00110578564418,0,0,0,0,0,0,0,0,0,0,0,0,0,0,0,0.00142697955016,-0.99975001812,0.00110578564418,-0.00120129563248,3.75155280444E-8,0.000936121609016,0.00142697955016,-0.99975001812,0.00110578564418,0,0,0,0,0,0,0,0,0,
10.64,0,0,0,0,0,1,0,-6,0.0127831732324,0,-0.0766990393943,0,0,0,0,0,0,0,0,0,0.000376398793847,0.00282508128436,-0.00557215243463,0,0,0,0,0,0,0,0,0,0.000342936249332,-0.999712870737,0.00111210366661,0,0,0,0,0,0,0,0,0,0,0,0,0,0,0,0.0014547201572,-0.999711871147,0.00111210366661,-0.00118632028252,0.000113051476364,0.000713235511631,0.0014547201572,-0.999711871147,0.00111210366661,0,0,0,0,0,0,0,0,0,
10.68,0,0,0,0,0,0,0,1,0,0,0.0127831732324,0,0,0,0,0,0,0,0,0,0,-0.000434627889901,0.00111443048693,0,0,0,0,0,0,0,0,0,0.000361670502617,-0.999728627208,0.0011121037329,0,0,0,0,0,0,0,0,0,0,0,0,0,0,0,0.00147347198799,-0.999727606773,0.0011121037329,-0.00118630710786,0.0000956663657616,0.000757812731108,0.00147347198799,-0.999727606773,0.0011121037329,0,0,0,0,0,0,0,0,0,
10.72,0,0,0,0,0,-1,0,-1,-0.0127831732324,0,-0.0127831732324,0,0,0,0,0,0,0,0,0,-0.000376398793847,0.00021731394495,-0.00222886097385,0,0,0,0,0,0,0,0,0,0.000372007366278,-0.999746945049,0.00111728926735,0,0,0,0,0,0,0,0,0,0,0,0,0,0,0,0.00148901343346,-0.999745905399,0.00111728926735,-0.00120136886859,0.000104348854327,0.000668658292154,0.00148901343346,-0.999745905399,0.00111728926735,0,0,0,0,0,0,0,0,0,
10.76,0,0,0,0,0,0,0,8,0,0,0.102265385859,0,0,0,0,0,0,0,0,0,0,-0.00347702311921,0.0089154438954,0,0,0,0,0,0,0,0,0,0.000345314054476,-0.9997688528,0.00111937549528,0,0,0,0,0,0,0,0,0,0,0,0,0,0,0,0.00146443035919,-0.999767839909,0.00111937549528,-0.00120122627227,-0.0000347319966037,0.00102527604797,0.00146443035919,-0.999767839909,0.00111937549528,0,0,0,0,0,0,0,0,0,
10.8,0,0,0,0,0,-1,0,-5,-0.0127831732324,0,-0.0639158661619,0,0,0,0,0,0,0,0,0,-0.000376398793847,0.00195582550455,-0.00668658292155,0,0,0,0,0,0,0,0,0,0.000309749391833,-0.99975689444,0.00112104435751,0,0,0,0,0,0,0,0,0,0,0,0,0,0,0,0.00143052078784,-0.99975591898,0.00112104435751,-0.00121634150563,0.0000434895912906,0.000757812731107,0.00143052078784,-0.99975591898,0.00112104435751,0,0,0,0,0,0,0,0,0,
10.84,0,0,0,0,0,2,0,5,0.0255663464648,0,0.0639158661619,0,0,0,0,0,0,0,0,0,0.000752797587695,-0.0017385115596,0.00780101340848,0,0,0,0,0,0,0,0,0,0.000292443146257,-0.999751903251,0.00114560159082,0,0,0,0,0,0,0,0,0,0,0,0,0,0,0,0.00143776007462,-0.999750912189,0.00114560159082,-0.0011861552214,-0.0000260186157018,0.00106985326745,0.00143776007462,-0.999750912189,0.00114560159082,0,0,0,0,0,0,0,0,0,
10.88,0,0,0,0,0,-1,1,-8,-0.0127831732324,0.0127831732324,-0.102265385859,0,0,0,0,0,0,0,0,0,-0.000752797587695,0.00347702311921,-0.0089154438954,0,0,0,0,0,0,0,0,0,0.000311499868295,-0.999746080787,0.00114351529317,0,0,0,0,0,0,0,0,0,0,0,0,0,0,0,0.00145472434815,-0.999745070934,0.00114351529317,-0.00121636631454,0.000113040796077,0.00071323551163,0.00145472434815,-0.999745070934,0.00114351529317,0,0,0,0,0,0,0,0,0,
10.92,0,0,0,0,0,1,0,0,0.0127831732324,0,0,0,0,0,0,0,0,0,0,0,0.000376398793847,0.00021731394495,0.00111443048693,0,0,0,0,0,0,0,0,0,0.000329599912146,-0.99974665706,0.00115644956062,0,0,0,0,0,0,0,0,0,0,0,0,0,0,0,0.00148575601634,-0.999745607376,0.00115644956062,-0.00120131695444,0.000121744760969,0.000757812731107,0.00148575601634,-0.999745607376,0.00115644956062,0,0,0,0,0,0,0,0,0,
10.96,0,0,0,0,0,0,0,4,0,0,0.0511326929295,0,0,0,0,0,0,0,0,0,0,-0.0017385115596,0.0044577219477,0,0,0,0,0,0,0,0,0,0.000299343401647,-0.999761832224,0.00116395974068,0,0,0,0,0,0,0,0,0,0,0,0,0,0,0,0.00146302545909,-0.999760806561,0.00116395974068,-0.00120125185612,0.0000522043291471,0.000936121609016,0.00146302545909,-0.999760806561,0.00116395974068,0,0,0,0,0,0,0,0,0,
11,0,0,0,0,0,0,-1,5,0,-0.0127831732324,0.0639158661619,0,0,0,0,0,0,0,0,0,0.000376398793847,-0.00239045339446,0.0044577219477,0,0,0,0,0,0,0,0,0,0.000292718343977,-0.999754264026,0.00117033743316,0,0,0,0,0,0,0,0,0,0,0,0,0,0,0,0.00146276771557,-0.999753236771,0.00117033743316,-0.00118608935399,-0.0000433969683196,0.00111443048692,0.00146276771557,-0.999753236771,0.00117033743316,0,0,0,0,0,0,0,0,0,
11.04,0,0,0,0,0,0,2,1,0,0.0255663464648,0.0127831732324,0,0,0,0,0,0,0,0,0,-0.000752797587695,0,0.00334329146078,0,0,0,0,0,0,0,0,0,0.000284779227421,-0.999750383902,0.00117272168715,0,0,0,0,0,0,0,0,0,0,0,0,0,0,0,0.0014572077198,-0.999749362469,0.00117272168715,-0.00121620123402,-0.0000434345528479,0.00124816214536,0.0014572077198,-0.999749362469,0.00117272168715,0,0,0,0,0,0,0,0,0,
11.08,0,0,0,0,0,0,-2,-7,0,-0.0255663464648,-0.0894822126267,0,0,0,0,0,0,0,0,0,0.000752797587695,0.00260776733941,-0.0100298743823,0,0,0,0,0,0,0,0,0,0.000271118399808,-0.999729213904,0.00117665559109,0,0,0,0,0,0,0,0,0,0,0,0,0,0,0,0.00144745490979,-0.99972820282,0.00117665559109,-0.00118617768924,0.0000609016064054,0.000846967170062,0.00144745490979,-0.99972820282,0.00117665559109,0,0,0,0,0,0,0,0,0,
11.12,0,0,0,0,0,0,0,-1,0,0,-0.0127831732324,0,0,0,0,0,0,0,0,0,0,0.000434627889901,-0.00111443048693,0,0,0,0,0,0,0,0,0,0.000264820577276,-0.999724327862,0.00118285446995,0,0,0,0,0,0,0,0,0,0,0,0,0,0,0,0.00144734850619,-0.999723315239,0.00118285446995,-0.00118619163888,0.0000782867164035,0.000802389950585,0.00144734850619,-0.999723315239,0.00118285446995,0,0,0,0,0,0,0,0,0,
11.16,0,0,0,0,0,0,0,8,0,0,0.102265385859,0,0,0,0,0,0,0,0,0,0,-0.00347702311921,0.0089154438954,0,0,0,0,0,0,0,0,0,0.000264433725596,-0.999712780633,0.00119423902034,0,0,0,0,0,0,0,0,0,0,0,0,0,0,0,0.00145832926501,-0.999711751938,0.00119423902034,-0.00118603044305,-0.0000607941142142,0.0011590077064,0.00145832926501,-0.999711751938,0.00119423902034,0,0,0,0,0,0,0,0,0,
11.2,0,0,0,0,0,-1,0,-8,-0.0127831732324,0,-0.102265385859,0,0,0,0,0,0,0,0,0,-0.000376398793847,0.00325970917426,-0.0100298743823,0,0,0,0,0,0,0,0,0,0.000268022472135,-0.999754701616,0.00120419298942,0,0,0,0,0,0,0,0,0,0,0,0,0,0,0,0.00147191958968,-0.999753654003,0.00120419298942,-0.00120118520034,0.0000695828048512,0.000757812731107,0.00147191958968,-0.999753654003,0.00120419298942,0,0,0,0,0,0,0,0,0,
11.24,0,0,0,0,0,0,0,-1,0,0,-0.0127831732324,0,0,0,0,0,0,0,0,0,0,0.000434627889901,-0.00111443048693,0,0,0,0,0,0,0,0,0,0.000270979156037,-0.999749756581,0.00120323924403,0,0,0,0,0,0,0,0,0,0,0,0,0,0,0,0.00147391681094,-0.999748706818,0.00120323924403,-0.00120119760002,0.0000869679160238,0.00071323551163,0.00147391681094,-0.999748706818,0.00120323924403,0,0,0,0,0,0,0,0,0,
11.28,0,0,0,0,0,1,0,2,0.0127831732324,0,0.0255663464648,0,0,0,0,0,0,0,0,0,0.000376398793847,-0.000651941834851,0.00334329146078,0,0,0,0,0,0,0,0,0,0.000265309082162,-0.999721993313,0.00121635225606,0,0,0,0,0,0,0,0,0,0,0,0,0,0,0,0.00148132268805,-0.999720931053,0.00121635225606,-0.00118611956674,0.000060903003898,0.000846967170061,0.00148132268805,-0.999720931053,0.00121635225606,0,0,0,0,0,0,0,0,0,
11.32,0,0,0,0,0,-1,0,0,-0.0127831732324,0,0,0,0,0,0,0,0,0,0,0,-0.000376398793847,-0.00021731394495,-0.00111443048693,0,0,0,0,0,0,0,0,0,0.000278944253032,-0.999711998539,0.00121784237104,0,0,0,0,0,0,0,0,0,0,0,0,0,0,0,0.00149643537588,-0.999710917473,0.00121784237104,-0.00120116853883,0.0000521983681558,0.000802389950584,0.00149643537588,-0.999710917473,0.00121784237104,0,0,0,0,0,0,0,0,0,
11.36,0,0,0,0,0,1,0,4,0.0127831732324,0,0.0511326929295,0,0,0,0,0,0,0,0,0,0.000376398793847,-0.00152119761465,0.00557215243463,0,0,0,0,0,0,0,0,0,0.000247608185626,-0.999722277847,0.00122183595198,0,0,0,0,0,0,0,0,0,0,0,0,0,0,0,0.00146910431795,-0.999721229076,0.00122183595198,-0.00118605020913,-8.634067819E-6,0.00102527604797,0.00146910431795,-0.999721229076,0.00122183595198,0,0,0,0,0,0,0,0,0,
11.4,0,0,0,0,0,-1,1,-6,-0.0127831732324,0.0127831732324,-0.0766990393943,0,0,0,0,0,0,0,0,0,-0.000752797587695,0.00260776733941,-0.00668658292155,0,0,0,0,0,0,0,0,0,0.000230939461801,-0.999741039547,0.00122636582861,0,0,0,0,0,0,0,0,0,0,0,0,0,0,0,0.00145698722918,-0.999740004539,0.00122636582861,-0.00121624115187,0.0000956537763129,0.000757812731107,0.00145698722918,-0.999740004539,0.00122636582861,0,0,0,0,0,0,0,0,0,
11.44,0,0,0,0,0,0,-1,8,0,-0.0127831732324,0.102265385859,0,0,0,0,0,0,0,0,0,0.000376398793847,-0.00369433706416,0.00780101340848,0,0,0,0,0,0,0,0,0,0.000268190544532,-0.999757948998,0.00122344527623,0,0,0,0,0,0,0,0,0,0,0,0,0,0,0,0.00149133917876,-0.999756872654,0.00122344527623,-0.00120102711288,-0.0000521035134281,0.00106985326745,0.00149133917876,-0.999756872654,0.00122344527623,0,0,0,0,0,0,0,0,0,
11.48,0,0,0,0,0,1,0,-9,0.0127831732324,0,-0.115048559091,0,0,0,0,0,0,0,0,0,0.000376398793847,0.00412896495406,-0.0089154438954,0,0,0,0,0,0,0,0,0,0.000273667672431,-0.999721845451,0.0012302402741,0,0,0,0,0,0,0,0,0,0,0,0,0,0,0,0.00150356523227,-0.999720752239,0.0012302402741,-0.001186088962,0.000113065780289,0.00071323551163,0.00150356523227,-0.999720752239,0.0012302402741,0,0,0,0,0,0,0,0,0,
11.52,0,0,0,0,0,-1,1,1,-0.0127831732324,0.0127831732324,0.0127831732324,0,0,0,0,0,0,0,0,0,-0.000752797587695,-0.000434627889901,0.00111443048693,0,0,0,0,0,0,0,0,0,0.000256173722587,-0.999706691436,0.00123500864242,0,0,0,0,0,0,0,0,0,0,0,0,0,0,0,0.00149081961717,-0.999705612659,0.00123500864242,-0.0012161876822,0.0000956578505048,0.000757812731107,0.00149081961717,-0.999705612659,0.00123500864242,0,0,0,0,0,0,0,0,0,
11.56,0,0,0,0,0,1,0,1,0.0127831732324,0,0.0127831732324,0,0,0,0,0,0,0,0,0,0.000376398793847,-0.00021731394495,0.00222886097385,0,0,0,0,0,0,0,0,0,0.00025496588298,-0.999713857473,0.0012450222157,0,0,0,0,0,0,0,0,0,0,0,0,0,0,0,0.00149963132571,-0.999712765217,0.0012450222157,-0.00120112437354,0.0000869780477228,0.000846967170061,0.00149963132571,-0.999712765217,0.0012450222157,0,0,0,0,0,0,0,0,0,
11.6,0,0,0,0,0,-2,0,3,-0.0255663464648,0,0.0383495196971,0,0,0,0,0,0,0,0,0,-0.000752797587695,-0.0017385115596,0.00111443048693,0,0,0,0,0,0,0,0,0,0.000245113997418,-0.999727193907,0.00124317447303,0,0,0,0,0,0,0,0,0,0,0,0,0,0,0,0.00148794881534,-0.999726116657,0.00124317447303,-0.00123117426668,0.0000174107668865,0.000891544389539,0.00148794881534,-0.999726116657,0.00124317447303,0,0,0,0,0,0,0,0,0,
11.64,0,0,0,0,0,0,0,-5,0,0,-0.0639158661619,0,0,0,0,0,0,0,0,0,0,0.0021731394495,-0.00557215243463,0,0,0,0,0,0,0,0,0,0.00025440613745,-0.999715590859,0.00124871755216,0,0,0,0,0,0,0,0,0,0,0,0,0,0,0,0.00150276802015,-0.999714493752,0.00124871755216,-0.00123123239018,0.000104336325254,0.000668658292153,0.00150276802015,-0.999714493752,0.00124871755216,0,0,0,0,0,0,0,0,0,
11.68,0,0,0,0,0,1,0,0,0.0127831732324,0,0,0,0,0,0,0,0,0,0,0,0.000376398793847,0.00021731394495,0.00111443048693,0,0,0,0,0,0,0,0,0,0.000252223492218,-0.999715770886,0.00125134030348,0,0,0,0,0,0,0,0,0,0,0,0,0,0,0,0.0015032076044,-0.999714672565,0.00125134030348,-0.0012161826421,0.000113039619279,0.00071323551163,0.0015032076044,-0.999714672565,0.00125134030348,0,0,0,0,0,0,0,0,0,
11.72,0,0,0,0,0,0,0,1,0,0,0.0127831732324,0,0,0,0,0,0,0,0,0,0,-0.000434627889901,0.00111443048693,0,0,0,0,0,0,0,0,0,0.00023735815156,-0.999717847516,0.00125741982285,0,0,0,0,0,0,0,0,0,0,0,0,0,0,0,0.00149442267139,-0.999716758728,0.00125741982285,-0.00121616946744,0.0000956545086766,0.000757812731107,0.00149442267139,-0.999716758728,0.00125741982285,0,0,0,0,0,0,0,0,0,
11.76,0,0,0,0,0,0,0,2,0,0,0.0255663464648,0,0,0,0,0,0,0,0,0,0,-0.000869255779802,0.00222886097385,0,0,0,0,0,0,0,0,0,0.000277100301032,-0.999768771627,0.00123888286779,0,0,0,0,0,0,0,0,0,0,0,0,0,0,0,0.00151569617447,-0.999767661095,0.00123888286779,-0.0012161400182,0.0000608842899673,0.000846967170061,0.00151569617447,-0.999767661095,0.00123888286779,0,0,0,0,0,0,0,0,0,
11.8,0,0,0,0,0,0,1,-2,0,0.0127831732324,-0.0255663464648,0,0,0,0,0,0,0,0,0,-0.000376398793847,0.00108656972475,-0.00111443048693,0,0,0,0,0,0,0,0,0,0.000303461727678,-0.999748001606,0.00123846556178,0,0,0,0,0,0,0,0,0,0,0,0,0,0,0,0.00154161464889,-0.999746859074,0.00123846556178,-0.0012312308392,0.000104334984219,0.000802389950584,0.00154161464889,-0.999746859074,0.00123846556178,0,0,0,0,0,0,0,0,0,
11.84,0,0,0,0,0,0,-1,1,0,-0.0127831732324,0.0127831732324,0,0,0,0,0,0,0,0,0,0.000376398793847,-0.000651941834851,0,0,0,0,0,0,0,0,0,0,0.000264312528946,-0.999699686794,0.00124740625108,0,0,0,0,0,0,0,0,0,0,0,0,0,0,0,0.00151134363841,-0.999698579311,0.00124740625108,-0.00121615396784,0.0000782693999633,0.000802389950584,0.00151134363841,-0.999698579311,0.00124740625108,0,0,0,0,0,0,0,0,0,
11.88,0,0,0,0,0,1,0,0,0.0127831732324,0,0,0,0,0,0,0,0,0,0,0,0.000376398793847,0.00021731394495,0.00111443048693,0,0,0,0,0,0,0,0,0,0.000261811996074,-0.999683170569,0.00124567779208,0,0,0,0,0,0,0,0,0,0,0,0,0,0,0,0.00150709459558,-0.999682068825,0.00124567779208,-0.00120110538379,0.0000869747065381,0.000846967170061,0.00150709459558,-0.999682068825,0.00124567779208,0,0,0,0,0,0,0,0,0,
11.92,0,0,0,0,0,0,0,4,0,0,0.0511326929295,0,0,0,0,0,0,0,0,0,0,-0.0017385115596,0.0044577219477,0,0,0,0,0,0,0,0,0,0.000257220500395,-0.999711368191,0.00125253232084,0,0,0,0,0,0,0,0,0,0,0,0,0,0,0,0.00150939077139,-0.999710261822,0.00125253232084,-0.00120103408564,0.0000174342807962,0.00102527604797,0.00150939077139,-0.999710261822,0.00125253232084,0,0,0,0,0,0,0,0,0,
11.96,0,0,0,0,0,0,1,-6,0,0.0127831732324,-0.0766990393943,0,0,0,0,0,0,0,0,0,-0.000376398793847,0.00282508128436,-0.00557215243463,0,0,0,0,0,0,0,0,0,0.000256851868608,-0.999743204564,0.00125777760035,0,0,0,0,0,0,0,0,0,0,0,0,0,0,0,0.00151430594269,-0.999742090702,0.00125777760035,-0.00121618070517,0.000130425414816,0.000802389950584,0.00151430594269,-0.999742090702,0.00125777760035,0,0,0,0,0,0,0,0,0,
12,0,0,0,0,0,-1,-1,0,-0.0127831732324,-0.0127831732324,0,0,0,0,0,0,0,0,0,0,0,-0.000434627889901,-0.00222886097385,0,0,0,0,0,0,0,0,0,0.000260636029249,-0.999763527296,0.00125300923231,0,0,0,0,0,0,0,0,0,0,0,0,0,0,0,0.00151334842667,-0.999762415886,0.00125300923231,-0.00121616830549,0.000113040303648,0.00071323551163,0.00151334842667,-0.999762415886,0.00125300923231,0,0,0,0,0,0,0,0,0,
12.04,0,0,0,0,0,-2,1,4,-0.0255663464648,0.0127831732324,0.0511326929295,0,0,0,0,0,0,0,0,0,-0.00112919638154,-0.00195582550455,0.00334329146078,0,0,0,0,0,0,0,0,0,0.000283237364375,-0.999736749487,0.00126338043273,0,0,0,0,0,0,0,0,0,0,0,0,0,0,0,0.00154628464952,-0.999735593796,0.00126338043273,-0.00126126988373,0.0000347690558983,0.000846967170061,0.00154628464952,-0.999735593796,0.00126338043273,0,0,0,0,0,0,0,0,0,
12.08,0,0,0,0,0,0,0,2,0,0,0.0255663464648,0,0,0,0,0,0,0,0,0,0,-0.000869255779802,0.00222886097385,0,0,0,0,0,0,0,0,0,0.000275913984719,-0.999681542898,0.00126117498738,0,0,0,0,0,0,0,0,0,0,0,0,0,0,0,0.00153668678831,-0.999680399895,0.00126117498738,-0.00126123733457,-1.16004731887E-9,0.000936121609016,0.00153668678831,-0.999680399895,0.00126117498738,0,0,0,0,0,0,0,0,0,
12.12,0,0,0,0,0,3,0,1,0.0383495196971,0,0.0127831732324,0,0,0,0,0,0,0,0,0,0.00112919638154,0.00021731394495,0.0044577219477,0,0,0,0,0,0,0,0,0,0.00022394810137,-0.999659920195,0.00127440735942,0,0,0,0,0,0,0,0,0,0,0,0,0,0,0,0.00149792153388,-0.999658823013,0.00127440735942,-0.00121607919467,8.74172876574E-6,0.00111443048692,0.00149792153388,-0.999658823013,0.00127440735942,0,0,0,0,0,0,0,0,0,
12.16,0,0,0,0,0,0,0,-5,0,0,-0.0639158661619,0,0,0,0,0,0,0,0,0,0,0.0021731394495,-0.00557215243463,0,0,0,0,0,0,0,0,0,0.00023649843556,-0.999717204535,0.00126659908109,0,0,0,0,0,0,0,0,0,0,0,0,0,0,0,0.0015027387999,-0.999716103077,0.00126659908109,-0.00121615669267,0.0000956672720195,0.000891544389539,0.0015027387999,-0.999716103077,0.00126659908109,0,0,0,0,0,0,0,0,0,
12.2,0,0,0,0,0,-1,0,0,-0.0127831732324,0,0,0,0,0,0,0,0,0,0,0,-0.000376398793847,-0.00021731394495,-0.00111443048693,0,0,0,0,0,0,0,0,0,0.000254177691435,-0.999758397155,0.0012556317599,0,0,0,0,0,0,0,0,0,0,0,0,0,0,0,0.0015095055569,-0.999757289886,0.0012556317599,-0.00123120527671,0.0000869619654447,0.000846967170061,0.0015095055569,-0.999757289886,0.0012556317599,0,0,0,0,0,0,0,0,0,
12.24,0,0,0,0,0,1,-1,-2,0.0127831732324,-0.0127831732324,-0.0255663464648,0,0,0,0,0,0,0,0,0,0.000752797587695,0.000869255779802,-0.00222886097385,0,0,0,0,0,0,0,0,0,0.000278902847295,-0.99973126231,0.0012646322047,0,0,0,0,0,0,0,0,0,0,0,0,0,0,0,0.00154319463763,-0.999730110168,0.0012646322047,-0.00120111973118,0.000121755005823,0.000757812731107,0.00154319463763,-0.999730110168,0.0012646322047,0,0,0,0,0,0,0,0,0,
12.28,0,0,0,0,0,-1,1,9,-0.0127831732324,0.0127831732324,0.115048559091,0,0,0,0,0,0,0,0,0,-0.000752797587695,-0.00391165100911,0.0100298743823,0,0,0,0,0,0,0,0,0,0.000270683459162,-0.999695493679,0.00126761235927,0,0,0,0,0,0,0,0,0,0,0,0,0,0,0,0.00153790926561,-0.999694347382,0.00126761235927,-0.00123105026895,-0.0000347458283218,0.0011590077064,0.00153790926561,-0.999694347382,0.00126761235927,0,0,0,0,0,0,0,0,0,
12.32,0,0,0,0,0,1,0,-5,0.0127831732324,0,-0.0639158661619,0,0,0,0,0,0,0,0,0,0.000376398793847,0.00239045339446,-0.0044577219477,0,0,0,0,0,0,0,0,0,0.000223945602018,-0.999684290846,0.00126928121237,0,0,0,0,0,0,0,0,0,0,0,0,0,0,0,0.00149282556958,-0.999683201313,0.00126928121237,-0.00121608809704,0.0000608870267002,0.000980698828493,0.00149282556958,-0.999683201313,0.00126928121237,0,0,0,0,0,0,0,0,0,
12.36,0,0,0,0,0,-1,0,-4,-0.0127831732324,0,-0.0511326929295,0,0,0,0,0,0,0,0,0,-0.000376398793847,0.00152119761465,-0.00557215243463,0,0,0,0,0,0,0,0,0,0.000198441124326,-0.999737625591,0.00128346725871,0,0,0,0,0,0,0,0,0,0,0,0,0,0,0,0.00148157111835,-0.99973654747,0.00128346725871,-0.00123119015575,0.000121723504098,0.000757812731107,0.00148157111835,-0.99973654747,0.00128346725871,0,0,0,0,0,0,0,0,0,
12.4,0,0,0,0,0,0,0,1,0,0,0.0127831732324,0,0,0,0,0,0,0,0,0,0,-0.000434627889901,0.00111443048693,0,0,0,0,0,0,0,0,0,0.000265075092896,-0.99972790359,0.0012624266839,0,0,0,0,0,0,0,0,0,0,0,0,0,0,0,0.00152715772856,-0.999726772308,0.0012624266839,-0.00123117620611,0.0001043383941,0.000802389950584,0.00152715772856,-0.999726772308,0.0012624266839,0,0,0,0,0,0,0,0,0,
12.44,0,0,0,0,0,1,1,2,0.0127831732324,0.0127831732324,0.0255663464648,0,0,0,0,0,0,0,0,0,0,-0.000434627889901,0.0044577219477,0,0,0,0,0,0,0,0,0,0.0002941501106,-0.999703418666,0.0012850765829,0,0,0,0,0,0,0,0,0,0,0,0,0,0,0,0.0015788449673,-0.999702215195,0.0012850765829,-0.00123115915655,0.0000869532868869,0.000980698828493,0.0015788449673,-0.999702215195,0.0012850765829,0,0,0,0,0,0,0,0,0,
12.48,0,0,0,0,0,-1,-1,-1,-0.0127831732324,-0.0127831732324,-0.0127831732324,0,0,0,0,0,0,0,0,0,0,0,-0.00334329146078,0,0,0,0,0,0,0,0,0,0.000276744118808,-0.999731949926,0.00128698377667,0,0,0,0,0,0,0,0,0,0,0,0,0,0,0,0.00156338233501,-0.99973076582,0.00128698377667,-0.00123115915655,0.0000869532868869,0.000846967170061,0.00156338233501,-0.99973076582,0.00128698377667,0,0,0,0,0,0,0,0,0,
